Source,Target,Weight
PFE,AAL,1464
SQ,AAL,4228
PYPL,AAL,1372
GM,AAL,809
DAL,AAL,34310
DIS,AAL,7051
AMZN,AAL,27867
BAC,AAL,9422
BA,AAL,20384
MULN,AAL,7769
MRNA,AAL,9912
INO,AAL,20022
TSLA,AAL,54591
V,AAL,462
NKLA,AAL,15203
F,AAL,13394
UAL,AAL,25497
JPM,AAL,2068
INTC,AAL,2912
MSFT,AAL,18893
JNJ,AAL,2837
TWTR,AAL,19780
C,AAL,3719
PTON,AAL,7351
GME,AAL,9719
OXY,AAL,7956
GS,AAL,3232
AMD,AAL,25856
BBIG,AAL,7432
AAPL,AAL,49841
ROKU,AAL,7904
GOOGL,AAL,5589
HD,AAL,3460
DKNG,AAL,17000
BYND,AAL,6710
PLTR,AAL,1976
META,AAL,29492
NVDA,AAL,14581
XOM,AAL,5630
KO,AAL,675
WMT,AAL,6023
CRM,AAL,1002
PENN,AAL,19527
SNAP,AAL,10128
MU,AAL,1939
LCID,AAL,14143
NFLX,AAL,18608
AMC,AAL,16011
SOFI,AAL,10067
F,AAPL,44951
INO,AAPL,28284
GM,AAPL,18149
GS,AAPL,18943
AMD,AAPL,135545
MULN,AAPL,15231
AMC,AAPL,125055
JPM,AAPL,28126
DAL,AAPL,32098
MSFT,AAPL,227241
MRNA,AAPL,22512
MU,AAPL,13452
AAL,AAPL,46074
NKLA,AAPL,30837
BBIG,AAPL,13292
HD,AAPL,20374
INTC,AAPL,35291
BAC,AAPL,25106
UAL,AAPL,14734
PTON,AAPL,16090
OXY,AAPL,16394
DKNG,AAPL,24581
META,AAPL,191924
TWTR,AAPL,55546
C,AAPL,16287
GME,AAPL,82516
NVDA,AAPL,142546
XOM,AAPL,19979
PLTR,AAPL,22933
GOOGL,AAPL,178488
BYND,AAPL,15538
V,AAPL,20719
NFLX,AAPL,120957
PYPL,AAPL,29800
DIS,AAPL,33818
SOFI,AAPL,12666
SQ,AAPL,30064
TSLA,AAPL,436100
LCID,AAPL,28862
ROKU,AAPL,47338
JNJ,AAPL,13697
PENN,AAPL,21562
AMZN,AAPL,292587
PFE,AAPL,11111
BA,AAPL,63792
CRM,AAPL,17741
KO,AAPL,16446
WMT,AAPL,27839
SNAP,AAPL,25075
BBIG,AMC,53370
MSFT,AMC,49860
AAPL,AMC,129841
C,AMC,6380
SQ,AMC,10639
BA,AMC,11483
PLTR,AMC,16405
META,AMC,53224
DAL,AMC,10709
GS,AMC,942
BAC,AMC,6475
SOFI,AMC,15693
TSLA,AMC,175148
PENN,AMC,11473
XOM,AMC,6552
JPM,AMC,3759
AMD,AMC,42176
PTON,AMC,10226
ROKU,AMC,15430
DIS,AMC,10152
LCID,AMC,22101
WMT,AMC,10931
HD,AMC,7350
NFLX,AMC,45315
GOOGL,AMC,27796
AAL,AMC,16570
GME,AMC,470994
F,AMC,16624
INO,AMC,422
PFE,AMC,3277
GM,AMC,7329
BYND,AMC,3790
DKNG,AMC,12222
NKLA,AMC,4384
PYPL,AMC,11953
SNAP,AMC,19085
JNJ,AMC,714
MU,AMC,3083
V,AMC,2962
AMZN,AMC,72805
MRNA,AMC,9561
CRM,AMC,2677
NVDA,AMC,43759
MULN,AMC,35945
KO,AMC,766
OXY,AMC,4678
INTC,AMC,6693
UAL,AMC,10069
TWTR,AMC,19342
MSFT,AMD,74465
LCID,AMD,7383
META,AMD,74949
MULN,AMD,3829
AMZN,AMD,108995
SOFI,AMD,8685
PYPL,AMD,23888
BA,AMD,44455
GME,AMD,29282
AMC,AMD,41683
NKLA,AMD,15356
MU,AMD,18781
UAL,AMD,8163
XOM,AMD,12946
WMT,AMD,13671
AAL,AMD,23126
HD,AMD,13608
DKNG,AMD,9814
NVDA,AMD,119841
PLTR,AMD,10387
GM,AMD,4478
DAL,AMD,18502
PFE,AMD,5946
TSLA,AMD,148251
OXY,AMD,13407
TWTR,AMD,34591
JPM,AMD,9832
INO,AMD,10801
ROKU,AMD,27901
INTC,AMD,27234
SQ,AMD,16238
GOOGL,AMD,51590
BBIG,AMD,5949
MRNA,AMD,10949
PTON,AMD,8715
KO,AMD,4937
CRM,AMD,10584
BAC,AMD,13319
PENN,AMD,8749
C,AMD,8028
GS,AMD,5199
JNJ,AMD,2014
DIS,AMD,17763
F,AMD,18403
NFLX,AMD,57585
AAPL,AMD,147426
SNAP,AMD,10167
V,AMD,9727
BYND,AMD,8579
PTON,AMZN,13278
INTC,AMZN,23329
GOOGL,AMZN,170038
WMT,AMZN,22389
F,AMZN,25900
C,AMZN,10833
INO,AMZN,10494
DIS,AMZN,23374
TWTR,AMZN,48194
SQ,AMZN,24400
MU,AMZN,11490
UAL,AMZN,7632
AMC,AMZN,76393
CRM,AMZN,16161
AMD,AMZN,98028
PENN,AMZN,16646
JNJ,AMZN,7475
PLTR,AMZN,11683
GS,AMZN,13571
NVDA,AMZN,112694
SNAP,AMZN,24616
META,AMZN,172213
HD,AMZN,14371
GME,AMZN,54027
MSFT,AMZN,170172
DKNG,AMZN,12768
OXY,AMZN,10705
SOFI,AMZN,8849
JPM,AMZN,22265
XOM,AMZN,13926
AAPL,AMZN,297875
PFE,AMZN,7546
MRNA,AMZN,17976
TSLA,AMZN,275172
PYPL,AMZN,29186
V,AMZN,14636
ROKU,AMZN,34733
KO,AMZN,11643
BA,AMZN,50107
LCID,AMZN,19576
MULN,AMZN,6492
NKLA,AMZN,19734
AAL,AMZN,24338
GM,AMZN,15093
DAL,AMZN,25207
NFLX,AMZN,111618
BYND,AMZN,12226
BBIG,AMZN,11754
BAC,AMZN,19408
PFE,BA,5426
MRNA,BA,9147
JNJ,BA,5605
AMC,BA,11222
INTC,BA,14664
AAL,BA,19560
LCID,BA,5717
INO,BA,8074
SQ,BA,12325
AMD,BA,46190
JPM,BA,15065
TSLA,BA,61954
NFLX,BA,39495
KO,BA,8045
BYND,BA,10297
PYPL,BA,9987
GOOGL,BA,28555
SNAP,BA,11351
MULN,BA,2548
GM,BA,7259
NKLA,BA,13134
META,BA,50119
DKNG,BA,4785
V,BA,10593
HD,BA,11255
CRM,BA,8009
F,BA,18636
BAC,BA,11695
TWTR,BA,22568
NVDA,BA,38890
WMT,BA,17352
AAPL,BA,66678
MSFT,BA,34125
SOFI,BA,1472
AMZN,BA,51242
UAL,BA,7285
GS,BA,11205
PENN,BA,7434
XOM,BA,13695
OXY,BA,8530
C,BA,9807
DAL,BA,15181
GME,BA,11587
MU,BA,10566
PTON,BA,6447
BBIG,BA,2023
PLTR,BA,7391
DIS,BA,19341
ROKU,BA,17942
INO,BAC,937
AMC,BAC,7051
AAL,BAC,7666
UAL,BAC,5967
PFE,BAC,5650
DAL,BAC,5308
AMD,BAC,16023
MU,BAC,6691
BYND,BAC,3355
NFLX,BAC,18947
DIS,BAC,5653
GOOGL,BAC,20694
OXY,BAC,2988
BBIG,BAC,5741
WMT,BAC,5635
DKNG,BAC,2191
BA,BAC,11623
GS,BAC,15784
JNJ,BAC,8987
PENN,BAC,1876
C,BAC,14836
TWTR,BAC,6572
XOM,BAC,5415
V,BAC,4902
LCID,BAC,8209
MRNA,BAC,4773
AMZN,BAC,22325
MSFT,BAC,19280
JPM,BAC,29422
INTC,BAC,8100
CRM,BAC,6345
GME,BAC,5320
HD,BAC,6662
KO,BAC,5835
MULN,BAC,443
AAPL,BAC,28247
SNAP,BAC,11848
F,BAC,17553
SQ,BAC,8705
PTON,BAC,1899
META,BAC,20632
PLTR,BAC,2667
PYPL,BAC,10990
ROKU,BAC,3280
SOFI,BAC,3395
NKLA,BAC,4116
GM,BAC,7767
NVDA,BAC,13574
TSLA,BAC,30196
BYND,BBIG,410
SOFI,BBIG,6604
AAL,BBIG,7368
F,BBIG,5425
CRM,BBIG,225
AMC,BBIG,52727
MULN,BBIG,24121
NVDA,BBIG,2660
PLTR,BBIG,1772
MRNA,BBIG,5591
ROKU,BBIG,351
OXY,BBIG,344
SQ,BBIG,3482
JPM,BBIG,2261
TSLA,BBIG,24794
PFE,BBIG,2064
DAL,BBIG,5033
INTC,BBIG,545
TWTR,BBIG,4892
BAC,BBIG,5015
V,BBIG,208
AMD,BBIG,6143
MSFT,BBIG,4700
PYPL,BBIG,3506
GOOGL,BBIG,3394
WMT,BBIG,526
XOM,BBIG,384
MU,BBIG,528
HD,BBIG,1770
INO,BBIG,379
BA,BBIG,1974
JNJ,BBIG,49
GM,BBIG,3407
C,BBIG,2479
DKNG,BBIG,6617
DIS,BBIG,1938
SNAP,BBIG,8177
AAPL,BBIG,13826
NFLX,BBIG,4383
GS,BBIG,305
NKLA,BBIG,2164
AMZN,BBIG,11204
META,BBIG,11741
PENN,BBIG,3970
UAL,BBIG,5352
PTON,BBIG,4037
GME,BBIG,35956
KO,BBIG,126
LCID,BBIG,11684
TSLA,BYND,20897
INTC,BYND,3523
V,BYND,3491
DAL,BYND,4259
C,BYND,536
INO,BYND,4766
AMD,BYND,8940
NFLX,BYND,8551
PYPL,BYND,2787
META,BYND,11700
BBIG,BYND,426
AMC,BYND,4161
SNAP,BYND,3244
OXY,BYND,6294
PFE,BYND,1114
F,BYND,1399
AAPL,BYND,16948
MU,BYND,2825
HD,BYND,800
GME,BYND,3251
SOFI,BYND,731
XOM,BYND,4015
UAL,BYND,1814
AAL,BYND,7347
MULN,BYND,422
JPM,BYND,3671
NKLA,BYND,8174
MRNA,BYND,9130
DIS,BYND,1998
GM,BYND,225
CRM,BYND,1836
PTON,BYND,2743
LCID,BYND,765
JNJ,BYND,105
AMZN,BYND,14092
GS,BYND,1243
PLTR,BYND,1796
DKNG,BYND,6715
ROKU,BYND,10172
TWTR,BYND,5333
MSFT,BYND,9122
KO,BYND,165
BAC,BYND,3296
SQ,BYND,4678
NVDA,BYND,11261
PENN,BYND,4959
BA,BYND,11235
GOOGL,BYND,7163
WMT,BYND,2222
GOOGL,C,8753
DAL,C,2458
MSFT,C,9926
SQ,C,4618
JPM,C,20727
F,C,7758
PENN,C,1853
KO,C,2021
PFE,C,1668
SNAP,C,5469
MRNA,C,1399
NKLA,C,1612
NVDA,C,3601
AAL,C,3526
WMT,C,4123
UAL,C,635
INTC,C,4057
LCID,C,3760
MULN,C,226
PYPL,C,4597
GS,C,9388
META,C,12682
ROKU,C,503
AAPL,C,15936
V,C,977
GME,C,2986
BYND,C,765
MU,C,1138
BBIG,C,2458
AMD,C,8336
AMZN,C,10800
DKNG,C,527
BAC,C,13958
JNJ,C,1517
CRM,C,1935
TWTR,C,1680
TSLA,C,15976
INO,C,31
GM,C,5054
AMC,C,6351
HD,C,6086
DIS,C,3983
PLTR,C,512
BA,C,9971
XOM,C,6037
OXY,C,985
SOFI,C,1259
NFLX,C,8561
PTON,C,1907
AAL,CRM,905
MSFT,CRM,17962
SOFI,CRM,707
GME,CRM,4008
META,CRM,9115
MU,CRM,1284
DKNG,CRM,521
LCID,CRM,524
BA,CRM,7997
AMD,CRM,6197
BBIG,CRM,195
PENN,CRM,849
TSLA,CRM,20337
ROKU,CRM,4282
BAC,CRM,5712
XOM,CRM,3018
AAPL,CRM,19310
PLTR,CRM,2305
JNJ,CRM,5711
HD,CRM,3869
PYPL,CRM,3777
KO,CRM,4544
AMZN,CRM,17449
DAL,CRM,1546
AMC,CRM,2314
MRNA,CRM,4400
DIS,CRM,5666
BYND,CRM,1883
GOOGL,CRM,16283
JPM,CRM,7420
SQ,CRM,2132
C,CRM,2068
GM,CRM,1205
NFLX,CRM,9245
TWTR,CRM,8707
NVDA,CRM,8280
F,CRM,2607
OXY,CRM,2516
V,CRM,2966
INTC,CRM,4524
INO,CRM,1637
GS,CRM,5811
PTON,CRM,1704
WMT,CRM,3899
SNAP,CRM,3021
MULN,CRM,88
PFE,CRM,4196
UAL,CRM,424
NKLA,CRM,94
C,DAL,3098
MRNA,DAL,5142
BAC,DAL,4607
GS,DAL,1394
XOM,DAL,1195
BA,DAL,15475
NVDA,DAL,13126
PFE,DAL,1137
META,DAL,20839
PENN,DAL,20324
INO,DAL,7412
AAL,DAL,34250
MU,DAL,5196
NFLX,DAL,9577
ROKU,DAL,17534
INTC,DAL,1944
HD,DAL,330
F,DAL,10436
DKNG,DAL,12156
BBIG,DAL,5378
DIS,DAL,5967
LCID,DAL,11562
AMZN,DAL,26765
JNJ,DAL,595
TWTR,DAL,15870
CRM,DAL,1774
PLTR,DAL,258
NKLA,DAL,11896
V,DAL,876
AMD,DAL,19159
MSFT,DAL,11637
AMC,DAL,10530
SQ,DAL,3950
MULN,DAL,7300
GME,DAL,7946
PYPL,DAL,869
WMT,DAL,416
OXY,DAL,10055
PTON,DAL,5036
GOOGL,DAL,3402
UAL,DAL,22028
SOFI,DAL,8679
AAPL,DAL,33410
JPM,DAL,5868
GM,DAL,1873
KO,DAL,742
TSLA,DAL,37010
BYND,DAL,3902
SNAP,DAL,5060
F,DIS,10593
GME,DIS,8148
AAPL,DIS,38377
BBIG,DIS,2006
C,DIS,4096
GOOGL,DIS,20723
MU,DIS,6379
PYPL,DIS,8776
KO,DIS,6774
PLTR,DIS,5299
LCID,DIS,3940
MRNA,DIS,3104
AMZN,DIS,28586
MSFT,DIS,25667
NVDA,DIS,16935
AMC,DIS,10487
DKNG,DIS,3993
HD,DIS,10120
OXY,DIS,4776
BYND,DIS,1678
ROKU,DIS,10369
TWTR,DIS,16768
SQ,DIS,11022
GS,DIS,7502
NKLA,DIS,4286
XOM,DIS,6440
AMD,DIS,20308
SOFI,DIS,1972
CRM,DIS,6282
JPM,DIS,10715
JNJ,DIS,6187
DAL,DIS,6678
MULN,DIS,814
BA,DIS,20129
SNAP,DIS,4967
V,DIS,9068
BAC,DIS,6492
PFE,DIS,4475
INO,DIS,3581
TSLA,DIS,32548
GM,DIS,2768
META,DIS,30193
PENN,DIS,364
UAL,DIS,837
AAL,DIS,7938
WMT,DIS,8480
PTON,DIS,7559
NFLX,DIS,35136
INTC,DIS,8092
WMT,DKNG,4435
JNJ,DKNG,159
AMC,DKNG,13289
DIS,DKNG,4023
TSLA,DKNG,34365
BAC,DKNG,2281
PYPL,DKNG,6611
MULN,DKNG,7225
GS,DKNG,1274
AMD,DKNG,11515
GOOGL,DKNG,7624
XOM,DKNG,1061
PFE,DKNG,2942
SNAP,DKNG,7701
TWTR,DKNG,9105
OXY,DKNG,3279
MRNA,DKNG,9920
MSFT,DKNG,7673
NVDA,DKNG,6903
NKLA,DKNG,7579
KO,DKNG,2897
SQ,DKNG,7932
PLTR,DKNG,4822
META,DKNG,19141
BA,DKNG,4881
AAL,DKNG,17798
HD,DKNG,3785
JPM,DKNG,293
UAL,DKNG,13541
NFLX,DKNG,9363
F,DKNG,8153
SOFI,DKNG,11932
AMZN,DKNG,14313
PTON,DKNG,4622
BBIG,DKNG,7161
GME,DKNG,9685
LCID,DKNG,13538
DAL,DKNG,12224
CRM,DKNG,536
MU,DKNG,2536
C,DKNG,780
BYND,DKNG,6758
V,DKNG,3407
ROKU,DKNG,11338
AAPL,DKNG,26245
INO,DKNG,5972
GM,DKNG,558
PENN,DKNG,18788
INTC,DKNG,1067
AMC,F,17323
XOM,F,10347
GME,F,11921
LCID,F,22479
DAL,F,10172
V,F,3988
NFLX,F,14287
BYND,F,1528
GM,F,35464
ROKU,F,2963
PLTR,F,7928
SQ,F,11243
SNAP,F,13043
INO,F,1195
BAC,F,17534
PENN,F,7352
C,F,8101
JNJ,F,2672
NKLA,F,4468
KO,F,5770
GS,F,3274
PYPL,F,11562
MU,F,6265
OXY,F,2922
BA,F,18678
MULN,F,8659
PFE,F,3128
WMT,F,4845
DIS,F,10504
UAL,F,9308
NVDA,F,12740
GOOGL,F,25403
AAPL,F,49483
SOFI,F,7879
MSFT,F,21781
AMZN,F,29544
CRM,F,2693
PTON,F,5938
MRNA,F,4188
META,F,31142
INTC,F,6857
DKNG,F,7866
HD,F,7490
JPM,F,11633
TWTR,F,7317
TSLA,F,64752
AAL,F,13284
BBIG,F,6102
AMD,F,20777
PTON,GM,674
PLTR,GM,1136
BA,GM,6966
SQ,GM,5435
XOM,GM,4415
NVDA,GM,2402
JNJ,GM,3153
OXY,GM,738
GME,GM,5136
MSFT,GM,11935
LCID,GM,8849
ROKU,GM,1416
MRNA,GM,2336
BYND,GM,244
SNAP,GM,6245
JPM,GM,5942
DIS,GM,2722
MU,GM,1531
AAPL,GM,17398
AAL,GM,526
PFE,GM,3093
META,GM,11855
AMC,GM,5819
AMD,GM,3415
DKNG,GM,317
DAL,GM,433
BBIG,GM,3635
NKLA,GM,2156
SOFI,GM,1177
NFLX,GM,8003
MULN,GM,2949
C,GM,5187
PENN,GM,613
UAL,GM,422
INO,GM,30
WMT,GM,3437
TSLA,GM,32939
INTC,GM,3765
V,GM,1525
F,GM,31746
PYPL,GM,8279
CRM,GM,1269
AMZN,GM,13794
BAC,GM,7324
KO,GM,4448
TWTR,GM,2212
GOOGL,GM,15065
HD,GM,4126
GS,GM,1765
GS,GME,711
MRNA,GME,5044
SQ,GME,9724
DKNG,GME,12192
WMT,GME,8293
MU,GME,1614
INO,GME,1293
C,GME,2531
XOM,GME,2751
UAL,GME,10636
PLTR,GME,13956
MULN,GME,21409
JNJ,GME,298
JPM,GME,2962
SOFI,GME,10285
NVDA,GME,21803
AMZN,GME,50419
AAL,GME,13330
PTON,GME,10145
LCID,GME,20944
BBIG,GME,30675
BAC,GME,3448
GM,GME,6716
PENN,GME,12254
AMD,GME,21271
TWTR,GME,15681
KO,GME,545
TSLA,GME,116851
PFE,GME,2482
ROKU,GME,5276
HD,GME,4154
MSFT,GME,25921
CRM,GME,2642
OXY,GME,1372
DAL,GME,11513
META,GME,30024
PYPL,GME,8541
NFLX,GME,29267
AMC,GME,404085
BA,GME,9477
INTC,GME,5551
BYND,GME,3038
F,GME,14372
NKLA,GME,3700
GOOGL,GME,24461
AAPL,GME,84038
V,GME,1389
SNAP,GME,12309
DIS,GME,7275
PENN,GOOGL,953
BA,GOOGL,27725
DKNG,GOOGL,8941
V,GOOGL,13006
MULN,GOOGL,868
GM,GOOGL,14458
PFE,GOOGL,4746
GME,GOOGL,25998
JPM,GOOGL,19563
TSLA,GOOGL,132994
UAL,GOOGL,2007
BYND,GOOGL,6859
XOM,GOOGL,11452
WMT,GOOGL,12733
BAC,GOOGL,21206
AMZN,GOOGL,173621
PLTR,GOOGL,7844
AMC,GOOGL,24482
C,GOOGL,8945
MSFT,GOOGL,147775
META,GOOGL,129792
KO,GOOGL,10686
DAL,GOOGL,4091
AAL,GOOGL,4857
SOFI,GOOGL,2591
AMD,GOOGL,47450
F,GOOGL,23293
HD,GOOGL,10688
DIS,GOOGL,17705
CRM,GOOGL,14717
LCID,GOOGL,12351
INO,GOOGL,2322
TWTR,GOOGL,33664
ROKU,GOOGL,19543
OXY,GOOGL,1843
MRNA,GOOGL,7036
MU,GOOGL,12223
NVDA,GOOGL,63218
GS,GOOGL,14542
PTON,GOOGL,3313
BBIG,GOOGL,3373
INTC,GOOGL,16827
NKLA,GOOGL,5876
AAPL,GOOGL,179103
PYPL,GOOGL,26799
SNAP,GOOGL,24807
NFLX,GOOGL,72865
SQ,GOOGL,19156
JNJ,GOOGL,6903
GM,GS,1919
KO,GS,3387
NKLA,GS,1276
CRM,GS,6279
SNAP,GS,3334
DIS,GS,6642
AMD,GS,5845
GOOGL,GS,11853
ROKU,GS,776
AMZN,GS,14333
INTC,GS,8110
PTON,GS,611
PYPL,GS,1614
WMT,GS,5035
OXY,GS,449
BA,GS,10791
V,GS,4199
INO,GS,574
MRNA,GS,2111
DAL,GS,892
PFE,GS,2728
HD,GS,7113
BBIG,GS,303
NVDA,GS,8368
DKNG,GS,1227
JPM,GS,21782
SOFI,GS,502
UAL,GS,2091
TWTR,GS,3092
MULN,GS,60
MU,GS,2159
LCID,GS,358
PENN,GS,104
NFLX,GS,13103
MSFT,GS,13096
AAPL,GS,19146
GME,GS,896
SQ,GS,1477
BYND,GS,1267
C,GS,8742
F,GS,2818
PLTR,GS,114
XOM,GS,2363
AAL,GS,2010
BAC,GS,15326
TSLA,GS,18369
META,GS,12495
JNJ,GS,7781
AMC,GS,996
JPM,HD,13042
AAPL,HD,21755
NVDA,HD,7865
F,HD,7473
NKLA,HD,3397
AAL,HD,3645
OXY,HD,414
BAC,HD,6703
PENN,HD,1605
V,HD,10599
CRM,HD,4222
GOOGL,HD,11459
NFLX,HD,14216
BYND,HD,237
GM,HD,4218
PTON,HD,2913
MU,HD,1748
SOFI,HD,225
PYPL,HD,10279
LCID,HD,3781
GME,HD,4476
ROKU,HD,3863
DAL,HD,309
KO,HD,7946
WMT,HD,16713
TWTR,HD,2674
AMZN,HD,15877
PLTR,HD,835
GS,HD,7180
MULN,HD,155
JNJ,HD,5797
UAL,HD,186
MSFT,HD,16272
SNAP,HD,4245
INO,HD,64
C,HD,6640
DKNG,HD,3673
META,HD,20403
PFE,HD,3033
AMC,HD,7769
XOM,HD,6784
BA,HD,10893
AMD,HD,13496
INTC,HD,4874
TSLA,HD,17579
SQ,HD,8915
BBIG,HD,1895
DIS,HD,9971
MRNA,HD,1119
PTON,INO,3454
JNJ,INO,76
ROKU,INO,5632
NFLX,INO,7095
MULN,INO,173
NVDA,INO,5607
GM,INO,51
BAC,INO,90
PYPL,INO,307
BA,INO,7787
PLTR,INO,77
OXY,INO,8019
HD,INO,72
F,INO,1144
NKLA,INO,10550
AMC,INO,419
PENN,INO,6032
KO,INO,23
JPM,INO,22
AAPL,INO,27490
DIS,INO,3433
SQ,INO,3062
MRNA,INO,3833
META,INO,3385
MSFT,INO,9927
V,INO,544
C,INO,46
GS,INO,567
TSLA,INO,26354
BYND,INO,4308
PFE,INO,263
AAL,INO,19370
GME,INO,1311
TWTR,INO,7000
AMD,INO,10499
BBIG,INO,301
XOM,INO,1317
CRM,INO,1604
SOFI,INO,149
UAL,INO,3389
GOOGL,INO,2436
DAL,INO,7155
INTC,INO,1556
SNAP,INO,264
MU,INO,1541
AMZN,INO,9297
WMT,INO,3808
DKNG,INO,5663
LCID,INO,35
GS,INTC,7867
OXY,INTC,889
F,INTC,8588
GME,INTC,5507
AMD,INTC,28112
AAPL,INTC,38106
WMT,INTC,6459
HD,INTC,4745
BAC,INTC,8164
NFLX,INTC,19652
NKLA,INTC,1711
UAL,INTC,1925
CRM,INTC,4428
SOFI,INTC,1145
DAL,INTC,1779
XOM,INTC,5617
MRNA,INTC,1628
KO,INTC,6485
GM,INTC,5166
PENN,INTC,102
GOOGL,INTC,18901
ROKU,INTC,4675
PFE,INTC,3785
NVDA,INTC,30097
AMZN,INTC,26650
V,INTC,5695
SQ,INTC,3109
TWTR,INTC,4934
TSLA,INTC,29728
LCID,INTC,1108
SNAP,INTC,3050
INO,INTC,1619
JPM,INTC,12842
PYPL,INTC,7695
AAL,INTC,2875
JNJ,INTC,5972
BBIG,INTC,506
MU,INTC,9089
MSFT,INTC,23230
MULN,INTC,468
AMC,INTC,5831
PTON,INTC,3764
DKNG,INTC,903
META,INTC,20995
PLTR,INTC,2899
BYND,INTC,3538
DIS,INTC,7533
C,INTC,3630
BA,INTC,15640
NVDA,JNJ,4587
BA,JNJ,4515
BBIG,JNJ,59
GS,JNJ,7955
LCID,JNJ,532
MRNA,JNJ,5209
ROKU,JNJ,182
SQ,JNJ,572
XOM,JNJ,4066
C,JNJ,1341
SNAP,JNJ,2960
INO,JNJ,79
PLTR,JNJ,920
UAL,JNJ,1309
META,JNJ,6399
F,JNJ,1978
OXY,JNJ,282
PTON,JNJ,958
WMT,JNJ,6541
GME,JNJ,310
SOFI,JNJ,859
CRM,JNJ,6198
DIS,JNJ,5277
TWTR,JNJ,1196
DAL,JNJ,458
GM,JNJ,2961
MSFT,JNJ,15426
INTC,JNJ,6049
BAC,JNJ,9143
PYPL,JNJ,3243
KO,JNJ,6969
AMC,JNJ,654
HD,JNJ,5159
AMD,JNJ,2257
DKNG,JNJ,143
TSLA,JNJ,13359
NKLA,JNJ,68
MULN,JNJ,934
V,JNJ,5791
MU,JNJ,716
BYND,JNJ,126
JPM,JNJ,8476
AAL,JNJ,1509
GOOGL,JNJ,10160
AAPL,JNJ,17313
PENN,JNJ,106
PFE,JNJ,11330
AMZN,JNJ,9893
NFLX,JNJ,8257
NVDA,JPM,15261
GM,JPM,5949
MRNA,JPM,3838
NFLX,JPM,17885
TWTR,JPM,4113
MSFT,JPM,24219
AMD,JPM,10471
JNJ,JPM,8092
GOOGL,JPM,19189
PLTR,JPM,351
PENN,JPM,2019
AAL,JPM,959
HD,JPM,12928
SQ,JPM,6949
PTON,JPM,3379
WMT,JPM,8144
MULN,JPM,131
C,JPM,18843
NKLA,JPM,3393
KO,JPM,5969
BAC,JPM,26463
META,JPM,23964
ROKU,JPM,3935
OXY,JPM,767
AAPL,JPM,28744
INTC,JPM,13942
TSLA,JPM,27468
BA,JPM,15465
PYPL,JPM,7904
DKNG,JPM,273
DAL,JPM,4660
V,JPM,8341
AMC,JPM,3768
AMZN,JPM,23897
GME,JPM,3420
LCID,JPM,4436
MU,JPM,2542
BBIG,JPM,2300
PFE,JPM,4672
SNAP,JPM,5955
SOFI,JPM,766
CRM,JPM,7371
INO,JPM,21
DIS,JPM,10817
F,JPM,10732
XOM,JPM,6950
BYND,JPM,3695
GS,JPM,21455
UAL,JPM,1675
BAC,KO,6344
F,KO,5140
DIS,KO,6920
WMT,KO,5704
JNJ,KO,7604
MSFT,KO,14569
GOOGL,KO,11494
PLTR,KO,247
DAL,KO,534
LCID,KO,187
SNAP,KO,2603
GM,KO,3871
JPM,KO,6059
NFLX,KO,7672
PTON,KO,860
SQ,KO,3788
META,KO,10929
MULN,KO,135
TWTR,KO,2738
PENN,KO,120
NVDA,KO,3140
DKNG,KO,2862
C,KO,1864
GME,KO,491
BYND,KO,161
AMZN,KO,12370
NKLA,KO,2840
XOM,KO,6276
V,KO,8498
INO,KO,21
AMD,KO,5499
CRM,KO,4391
TSLA,KO,9503
BA,KO,7421
MU,KO,773
UAL,KO,555
HD,KO,7086
AAPL,KO,17332
ROKU,KO,3990
BBIG,KO,70
OXY,KO,603
AAL,KO,480
PFE,KO,4422
SOFI,KO,284
MRNA,KO,355
AMC,KO,632
INTC,KO,4438
GS,KO,3865
PYPL,KO,6088
AAPL,LCID,20036
JPM,LCID,669
MSFT,LCID,7597
INO,LCID,32
ROKU,LCID,671
SOFI,LCID,9047
AMZN,LCID,10603
PLTR,LCID,6149
WMT,LCID,426
GOOGL,LCID,7447
CRM,LCID,250
JNJ,LCID,524
DAL,LCID,8639
PENN,LCID,8078
BAC,LCID,1207
INTC,LCID,643
GS,LCID,199
PFE,LCID,1475
XOM,LCID,1259
TWTR,LCID,3778
DKNG,LCID,9600
DIS,LCID,3350
MULN,LCID,11940
AMC,LCID,14661
BYND,LCID,521
NVDA,LCID,7121
MRNA,LCID,2042
V,LCID,275
TSLA,LCID,35253
KO,LCID,197
GM,LCID,3636
HD,LCID,189
AAL,LCID,10230
META,LCID,11608
GME,LCID,10698
BA,LCID,3904
UAL,LCID,9124
SNAP,LCID,4061
NKLA,LCID,2509
OXY,LCID,1759
NFLX,LCID,5904
MU,LCID,468
F,LCID,13257
PYPL,LCID,1815
BBIG,LCID,4699
AMD,LCID,5299
C,LCID,503
PTON,LCID,703
SQ,LCID,7109
GM,META,11968
GOOGL,META,143230
TWTR,META,56349
DIS,META,25140
LCID,META,20135
PLTR,META,9789
UAL,META,11118
PENN,META,7829
GS,META,12435
AMZN,META,185824
JPM,META,22860
DKNG,META,16065
BBIG,META,11504
GME,META,33980
TSLA,META,191739
DAL,META,17731
HD,META,18909
PYPL,META,33155
MSFT,META,136730
PTON,META,13598
V,META,14967
AAL,META,24733
AAPL,META,210744
BAC,META,18688
PFE,META,8437
MULN,META,7381
F,META,27804
JNJ,META,6454
KO,META,10270
SOFI,META,9232
INTC,META,17084
BA,META,46895
CRM,META,14835
AMD,META,73432
OXY,META,4988
NVDA,META,87109
XOM,META,17828
INO,META,3399
BYND,META,10527
MRNA,META,13178
MU,META,6676
NKLA,META,11492
C,META,12754
NFLX,META,95709
WMT,META,14345
SQ,META,23503
AMC,META,60770
ROKU,META,30682
SNAP,META,39106
MSFT,MRNA,14569
AMC,MRNA,9049
SOFI,MRNA,5243
PTON,MRNA,2736
PENN,MRNA,8921
TSLA,MRNA,36841
DKNG,MRNA,8408
MU,MRNA,2426
DAL,MRNA,3899
INTC,MRNA,1666
NFLX,MRNA,10125
UAL,MRNA,4925
WMT,MRNA,3392
GS,MRNA,2193
BYND,MRNA,8604
BBIG,MRNA,4856
AMZN,MRNA,21705
BAC,MRNA,4375
SNAP,MRNA,5367
JNJ,MRNA,4818
GOOGL,MRNA,12122
NKLA,MRNA,7772
DIS,MRNA,2993
NVDA,MRNA,11604
MULN,MRNA,2356
ROKU,MRNA,8068
F,MRNA,3983
AAL,MRNA,8755
AAPL,MRNA,26683
AMD,MRNA,12507
INO,MRNA,3943
JPM,MRNA,4232
META,MRNA,11279
PLTR,MRNA,3406
KO,MRNA,369
HD,MRNA,1215
GM,MRNA,1686
PFE,MRNA,21475
TWTR,MRNA,11008
OXY,MRNA,6347
LCID,MRNA,5199
SQ,MRNA,3280
BA,MRNA,9161
C,MRNA,1438
CRM,MRNA,8874
XOM,MRNA,925
V,MRNA,2055
PYPL,MRNA,4710
GME,MRNA,8022
BA,MSFT,29875
AAPL,MSFT,221048
NVDA,MSFT,73791
NKLA,MSFT,19443
TSLA,MSFT,171355
AMC,MSFT,52401
PLTR,MSFT,5391
BAC,MSFT,15929
AMZN,MSFT,162757
MU,MSFT,7056
OXY,MSFT,4890
INO,MSFT,10473
GOOGL,MSFT,133098
WMT,MSFT,12256
SOFI,MSFT,3868
JPM,MSFT,21514
PYPL,MSFT,19249
GM,MSFT,10681
V,MSFT,16354
KO,MSFT,13166
AAL,MSFT,16847
INTC,MSFT,18921
DKNG,MSFT,6947
NFLX,MSFT,66095
SQ,MSFT,20978
JNJ,MSFT,11342
META,MSFT,115654
CRM,MSFT,14693
UAL,MSFT,5158
MRNA,MSFT,8842
F,MSFT,18035
DAL,MSFT,11235
AMD,MSFT,63734
C,MSFT,9287
BBIG,MSFT,4296
SNAP,MSFT,14359
TWTR,MSFT,30622
GME,MSFT,26177
GS,MSFT,12651
LCID,MSFT,12751
BYND,MSFT,8759
PFE,MSFT,4882
PTON,MSFT,6934
MULN,MSFT,1831
XOM,MSFT,12472
HD,MSFT,14083
ROKU,MSFT,21814
PENN,MSFT,6188
DIS,MSFT,22599
TWTR,MU,2638
MULN,MU,359
NVDA,MU,18610
CRM,MU,1641
INO,MU,1523
GOOGL,MU,11186
BBIG,MU,345
OXY,MU,5225
LCID,MU,804
WMT,MU,2300
KO,MU,768
DIS,MU,5082
SNAP,MU,1980
AMZN,MU,11343
BA,MU,10196
AAL,MU,1707
DKNG,MU,2385
BAC,MU,5932
AMC,MU,2578
PYPL,MU,3828
INTC,MU,9256
AMD,MU,17728
SQ,MU,2561
JNJ,MU,654
NFLX,MU,4634
ROKU,MU,5840
HD,MU,1592
V,MU,3375
MRNA,MU,2422
UAL,MU,898
DAL,MU,5155
F,MU,5739
XOM,MU,1861
GM,MU,2718
AAPL,MU,14667
META,MU,6696
JPM,MU,1701
C,MU,1055
GS,MU,1994
BYND,MU,2793
GME,MU,1610
TSLA,MU,14612
PENN,MU,5203
PTON,MU,1356
MSFT,MU,7411
SOFI,MU,608
PFE,MU,1267
PLTR,MU,737
NKLA,MU,6362
DIS,MULN,703
JPM,MULN,142
BA,MULN,2294
C,MULN,484
MU,MULN,896
JNJ,MULN,791
PTON,MULN,1242
ROKU,MULN,211
PFE,MULN,2262
INTC,MULN,481
META,MULN,6779
INO,MULN,182
PYPL,MULN,611
CRM,MULN,180
AMC,MULN,32598
AAPL,MULN,15046
BYND,MULN,418
MRNA,MULN,2328
OXY,MULN,342
DKNG,MULN,6784
UAL,MULN,7918
HD,MULN,153
BAC,MULN,358
NFLX,MULN,1744
GS,MULN,70
SOFI,MULN,7407
PENN,MULN,6412
TWTR,MULN,3995
TSLA,MULN,27445
GME,MULN,20558
SNAP,MULN,1315
GOOGL,MULN,975
BBIG,MULN,23817
XOM,MULN,180
V,MULN,140
PLTR,MULN,845
LCID,MULN,11098
SQ,MULN,305
NKLA,MULN,1706
MSFT,MULN,1968
NVDA,MULN,2206
F,MULN,8161
KO,MULN,192
DAL,MULN,7265
WMT,MULN,297
AMD,MULN,3759
AMZN,MULN,5195
GM,MULN,2562
AAL,MULN,7951
ROKU,NFLX,24461
V,NFLX,7420
GOOGL,NFLX,71819
HD,NFLX,12425
MULN,NFLX,2658
BBIG,NFLX,4638
META,NFLX,90595
AMZN,NFLX,109711
BYND,NFLX,8032
GME,NFLX,33883
AAPL,NFLX,118753
TSLA,NFLX,133914
XOM,NFLX,4594
MRNA,NFLX,11728
GM,NFLX,7955
PYPL,NFLX,23924
SOFI,NFLX,2544
DKNG,NFLX,8689
WMT,NFLX,12597
KO,NFLX,6530
AMD,NFLX,51081
PTON,NFLX,5846
GS,NFLX,12201
PFE,NFLX,5427
JNJ,NFLX,8018
SQ,NFLX,22324
BA,NFLX,37281
LCID,NFLX,11144
SNAP,NFLX,18048
C,NFLX,7360
INTC,NFLX,17829
AAL,NFLX,16255
NVDA,NFLX,60201
DAL,NFLX,8763
DIS,NFLX,28049
JPM,NFLX,15994
INO,NFLX,7504
UAL,NFLX,3249
OXY,NFLX,5790
BAC,NFLX,16129
TWTR,NFLX,33683
CRM,NFLX,13563
PLTR,NFLX,9410
MSFT,NFLX,68599
NKLA,NFLX,6751
PENN,NFLX,2658
MU,NFLX,4705
AMC,NFLX,43499
F,NFLX,10991
MULN,NKLA,1443
SOFI,NKLA,1476
MRNA,NKLA,7971
INTC,NKLA,1594
PFE,NKLA,675
GOOGL,NKLA,4646
PYPL,NKLA,4868
PLTR,NKLA,853
GM,NKLA,3274
DIS,NKLA,4102
TSLA,NKLA,31528
META,NKLA,11416
AMD,NKLA,15628
JNJ,NKLA,61
C,NKLA,1931
ROKU,NKLA,13157
MSFT,NKLA,19045
BAC,NKLA,2977
XOM,NKLA,480
AMZN,NKLA,19415
SQ,NKLA,5237
JPM,NKLA,3337
LCID,NKLA,3497
DAL,NKLA,11342
HD,NKLA,3703
NFLX,NKLA,6809
V,NKLA,4861
BA,NKLA,13329
SNAP,NKLA,2385
AAL,NKLA,14368
UAL,NKLA,4352
OXY,NKLA,8388
DKNG,NKLA,7337
PTON,NKLA,3433
WMT,NKLA,2122
BBIG,NKLA,1706
F,NKLA,4123
NVDA,NKLA,7270
PENN,NKLA,12356
INO,NKLA,10964
KO,NKLA,2729
AMC,NKLA,4072
GS,NKLA,1639
TWTR,NKLA,6496
BYND,NKLA,8092
AAPL,NKLA,30766
CRM,NKLA,87
GME,NKLA,3712
MU,NKLA,6535
BBIG,NVDA,2825
CRM,NVDA,15073
GS,NVDA,8487
BAC,NVDA,12851
META,NVDA,97559
AMD,NVDA,122466
TWTR,NVDA,34426
WMT,NVDA,16494
LCID,NVDA,10404
INTC,NVDA,30790
UAL,NVDA,3056
MSFT,NVDA,99086
OXY,NVDA,9399
PYPL,NVDA,19899
MRNA,NVDA,13285
PENN,NVDA,4775
ROKU,NVDA,31062
DIS,NVDA,15167
GM,NVDA,2497
F,NVDA,13319
SOFI,NVDA,6157
SQ,NVDA,16036
PFE,NVDA,5368
GOOGL,NVDA,77547
NFLX,NVDA,68216
AMC,NVDA,57682
KO,NVDA,3287
SNAP,NVDA,10234
HD,NVDA,8024
AAPL,NVDA,177381
V,NVDA,11753
NKLA,NVDA,8252
AAL,NVDA,13053
AMZN,NVDA,135442
MU,NVDA,20923
MULN,NVDA,2466
INO,NVDA,6228
C,NVDA,3637
JPM,NVDA,14884
DKNG,NVDA,6536
GME,NVDA,30125
DAL,NVDA,12829
PLTR,NVDA,13206
XOM,NVDA,6440
BYND,NVDA,10082
PTON,NVDA,7155
JNJ,NVDA,4793
BA,NVDA,39831
TSLA,NVDA,207019
DKNG,OXY,2765
GM,OXY,1913
DAL,OXY,10283
AAPL,OXY,18597
INTC,OXY,1022
SQ,OXY,4369
AMC,OXY,5037
AAL,OXY,8301
MULN,OXY,627
MSFT,OXY,5942
PFE,OXY,1020
XOM,OXY,11094
JPM,OXY,887
META,OXY,5935
BYND,OXY,5950
AMZN,OXY,12561
NVDA,OXY,10194
TSLA,OXY,17984
JNJ,OXY,360
PTON,OXY,854
UAL,OXY,1559
BBIG,OXY,432
MU,OXY,5580
PENN,OXY,10747
HD,OXY,433
KO,OXY,781
WMT,OXY,699
GOOGL,OXY,2650
F,OXY,3195
NFLX,OXY,6522
LCID,OXY,1453
BA,OXY,9371
ROKU,OXY,12325
BAC,OXY,3033
GS,OXY,508
PLTR,OXY,1898
V,OXY,415
INO,OXY,8418
DIS,OXY,5004
NKLA,OXY,8849
AMD,OXY,14519
MRNA,OXY,5819
CRM,OXY,2686
TWTR,OXY,5059
C,OXY,1017
SNAP,OXY,666
GME,OXY,1748
PYPL,OXY,2198
SOFI,OXY,2186
META,PENN,10896
MULN,PENN,6469
GM,PENN,2331
KO,PENN,149
NKLA,PENN,13221
NVDA,PENN,4598
SOFI,PENN,7884
PTON,PENN,4916
DAL,PENN,20906
GME,PENN,8521
LCID,PENN,11676
AMD,PENN,9908
GS,PENN,120
WMT,PENN,2219
TWTR,PENN,9197
DIS,PENN,446
UAL,PENN,12572
GOOGL,PENN,1709
MSFT,PENN,6729
NFLX,PENN,2564
PFE,PENN,1227
F,PENN,8217
AAPL,PENN,21799
DKNG,PENN,18517
HD,PENN,1658
ROKU,PENN,8829
XOM,PENN,879
JPM,PENN,2050
BAC,PENN,1977
PYPL,PENN,3136
JNJ,PENN,287
BA,PENN,8142
AAL,PENN,20698
SQ,PENN,1521
AMZN,PENN,18788
SNAP,PENN,5522
BBIG,PENN,4530
PLTR,PENN,2534
V,PENN,1695
INO,PENN,6395
C,PENN,1973
AMC,PENN,11581
INTC,PENN,138
MRNA,PENN,10883
OXY,PENN,10949
CRM,PENN,929
MU,PENN,4977
TSLA,PENN,30655
BYND,PENN,4822
LCID,PFE,1430
BA,PFE,5395
BBIG,PFE,2159
META,PFE,9699
NFLX,PFE,6081
TWTR,PFE,3373
GS,PFE,3453
BYND,PFE,1125
MU,PFE,1748
HD,PFE,2870
DKNG,PFE,2258
TSLA,PFE,13734
PLTR,PFE,920
V,PFE,3720
PENN,PFE,695
AAL,PFE,1475
MRNA,PFE,23766
WMT,PFE,2700
GME,PFE,2966
GOOGL,PFE,6535
F,PFE,3777
AAPL,PFE,13055
BAC,PFE,6797
PYPL,PFE,5024
SOFI,PFE,2938
INO,PFE,310
PTON,PFE,2216
AMC,PFE,3534
KO,PFE,5031
INTC,PFE,4208
DIS,PFE,4597
ROKU,PFE,2208
NKLA,PFE,712
C,PFE,1892
MSFT,PFE,7192
OXY,PFE,1116
GM,PFE,3020
CRM,PFE,5406
SNAP,PFE,2294
AMD,PFE,7243
SQ,PFE,2222
NVDA,PFE,5816
DAL,PFE,1233
UAL,PFE,1104
MULN,PFE,2402
XOM,PFE,5327
AMZN,PFE,9396
JNJ,PFE,12572
JPM,PFE,6056
INO,PLTR,90
XOM,PLTR,1011
MULN,PLTR,1089
META,PLTR,11583
SOFI,PLTR,8981
PTON,PLTR,8562
NFLX,PLTR,12459
HD,PLTR,578
AMZN,PLTR,15118
LCID,PLTR,9574
MRNA,PLTR,3877
BYND,PLTR,695
AMD,PLTR,12237
SNAP,PLTR,10424
TSLA,PLTR,33880
GM,PLTR,1254
AAPL,PLTR,26737
DIS,PLTR,5394
GOOGL,PLTR,10070
JPM,PLTR,374
BA,PLTR,7893
TWTR,PLTR,6252
JNJ,PLTR,990
DAL,PLTR,258
AMC,PLTR,18128
MSFT,PLTR,8501
MU,PLTR,943
CRM,PLTR,2348
BAC,PLTR,2971
INTC,PLTR,3019
ROKU,PLTR,9923
PYPL,PLTR,5031
OXY,PLTR,1907
PFE,PLTR,999
C,PLTR,612
AAL,PLTR,1978
GS,PLTR,147
F,PLTR,8681
BBIG,PLTR,1875
UAL,PLTR,171
SQ,PLTR,6708
DKNG,PLTR,3333
WMT,PLTR,3644
NKLA,PLTR,1007
PENN,PLTR,2274
NVDA,PLTR,15006
KO,PLTR,381
GME,PLTR,18650
V,PLTR,800
BBIG,PTON,4333
AAL,PTON,7693
KO,PTON,384
HD,PTON,2911
XOM,PTON,3219
BYND,PTON,2762
MSFT,PTON,8163
MU,PTON,1603
V,PTON,536
JPM,PTON,3386
UAL,PTON,4365
AMZN,PTON,14646
PYPL,PTON,3789
C,PTON,1975
GM,PTON,777
INTC,PTON,4080
GME,PTON,12086
TWTR,PTON,5863
DIS,PTON,7428
LCID,PTON,3632
SQ,PTON,2950
MRNA,PTON,3928
BA,PTON,6669
F,PTON,6162
CRM,PTON,829
DKNG,PTON,4753
MULN,PTON,1443
DAL,PTON,5297
PENN,PTON,5154
NKLA,PTON,3916
WMT,PTON,1086
OXY,PTON,762
INO,PTON,3764
SOFI,PTON,4815
PLTR,PTON,9218
NFLX,PTON,7566
NVDA,PTON,7454
BAC,PTON,959
ROKU,PTON,5353
AMC,PTON,10434
JNJ,PTON,1098
PFE,PTON,2264
META,PTON,15434
SNAP,PTON,5609
AMD,PTON,8816
AAPL,PTON,18050
GOOGL,PTON,3676
GS,PTON,552
TSLA,PTON,21487
SOFI,PYPL,6040
JNJ,PYPL,3229
WMT,PYPL,8277
LCID,PYPL,6836
BYND,PYPL,2779
GME,PYPL,13796
AMZN,PYPL,39961
ROKU,PYPL,13108
V,PYPL,12418
XOM,PYPL,5416
INO,PYPL,304
PLTR,PYPL,4836
BAC,PYPL,10905
KO,PYPL,6050
OXY,PYPL,2049
AAL,PYPL,1004
MSFT,PYPL,29623
NVDA,PYPL,20242
F,PYPL,10605
INTC,PYPL,6664
GS,PYPL,1921
PENN,PYPL,2391
C,PYPL,4812
AAPL,PYPL,38696
TSLA,PYPL,43460
MU,PYPL,4541
JPM,PYPL,8610
AMD,PYPL,27976
MRNA,PYPL,4577
BA,PYPL,10122
HD,PYPL,10125
PTON,PYPL,3085
TWTR,PYPL,14609
PFE,PYPL,4785
AMC,PYPL,12472
GOOGL,PYPL,36877
SQ,PYPL,24830
GM,PYPL,8065
META,PYPL,39252
DKNG,PYPL,5079
MULN,PYPL,760
DAL,PYPL,898
BBIG,PYPL,3899
NKLA,PYPL,5310
UAL,PYPL,410
SNAP,PYPL,12617
NFLX,PYPL,29701
CRM,PYPL,10443
DIS,PYPL,7930
BA,ROKU,20189
PENN,ROKU,9119
AMZN,ROKU,40764
MU,ROKU,5834
NKLA,ROKU,13527
JNJ,ROKU,491
DIS,ROKU,10452
GOOGL,ROKU,24253
PTON,ROKU,5457
AMC,ROKU,17693
META,ROKU,36921
INO,ROKU,5845
PYPL,ROKU,13894
KO,ROKU,4845
MSFT,ROKU,29766
BAC,ROKU,3889
GM,ROKU,2753
BBIG,ROKU,402
DAL,ROKU,17789
AAL,ROKU,7752
C,ROKU,500
MULN,ROKU,307
GME,ROKU,7462
PFE,ROKU,1889
LCID,ROKU,1489
SNAP,ROKU,8302
F,ROKU,3650
HD,ROKU,4110
AAPL,ROKU,53030
INTC,ROKU,4267
TSLA,ROKU,57869
XOM,ROKU,4030
WMT,ROKU,6465
OXY,ROKU,11626
SQ,ROKU,14796
DKNG,ROKU,9477
PLTR,ROKU,10426
GS,ROKU,928
CRM,ROKU,4584
TWTR,ROKU,10302
NFLX,ROKU,29155
NVDA,ROKU,31942
AMD,ROKU,31170
BYND,ROKU,9160
UAL,ROKU,1429
JPM,ROKU,3744
V,ROKU,5498
SOFI,ROKU,2417
MRNA,ROKU,7685
NVDA,SNAP,10714
BAC,SNAP,12560
HD,SNAP,4530
GM,SNAP,6972
AAL,SNAP,9362
MU,SNAP,2164
C,SNAP,6079
TSLA,SNAP,40827
PFE,SNAP,2240
PTON,SNAP,5138
BYND,SNAP,3096
MULN,SNAP,1717
WMT,SNAP,1726
INO,SNAP,294
XOM,SNAP,5137
SOFI,SNAP,5209
DAL,SNAP,4821
PENN,SNAP,4551
JPM,SNAP,6760
OXY,SNAP,632
UAL,SNAP,6156
META,SNAP,43685
GOOGL,SNAP,32330
LCID,SNAP,14627
JNJ,SNAP,3581
F,SNAP,12703
INTC,SNAP,3381
BBIG,SNAP,9398
V,SNAP,2302
AMD,SNAP,12204
TWTR,SNAP,29860
NFLX,SNAP,24156
MSFT,SNAP,24189
AMC,SNAP,19449
DIS,SNAP,5164
NKLA,SNAP,2695
KO,SNAP,2474
SQ,SNAP,11424
AMZN,SNAP,34938
ROKU,SNAP,8452
PLTR,SNAP,10311
DKNG,SNAP,7338
GME,SNAP,19076
BA,SNAP,11203
MRNA,SNAP,7688
AAPL,SNAP,34359
CRM,SNAP,8594
GS,SNAP,3356
PYPL,SNAP,13005
TSLA,SOFI,13032
DAL,SOFI,5213
MU,SOFI,381
CRM,SOFI,180
JNJ,SOFI,635
GOOGL,SOFI,1871
NVDA,SOFI,2971
GS,SOFI,300
PLTR,SOFI,4043
PYPL,SOFI,4461
AAPL,SOFI,9252
AMD,SOFI,5811
INO,SOFI,42
TWTR,SOFI,2230
PTON,SOFI,1653
INTC,SOFI,696
MULN,SOFI,7135
AMC,SOFI,10014
SQ,SOFI,2689
WMT,SOFI,402
PFE,SOFI,2134
MRNA,SOFI,1408
AMZN,SOFI,4778
JPM,SOFI,575
META,SOFI,4531
DKNG,SOFI,5935
PENN,SOFI,4220
NKLA,SOFI,1569
V,SOFI,569
SNAP,SOFI,1611
MSFT,SOFI,2457
C,SOFI,1068
ROKU,SOFI,1966
HD,SOFI,88
BYND,SOFI,506
BA,SOFI,1021
DIS,SOFI,1407
AAL,SOFI,5960
F,SOFI,5432
LCID,SOFI,7780
OXY,SOFI,1702
KO,SOFI,176
NFLX,SOFI,1577
UAL,SOFI,5505
GM,SOFI,737
BBIG,SOFI,2751
GME,SOFI,5222
BAC,SOFI,1403
XOM,SOFI,1013
PFE,SQ,3068
AMD,SQ,21375
JNJ,SQ,1133
WMT,SQ,2327
BA,SQ,13293
PENN,SQ,866
MSFT,SQ,31032
INTC,SQ,3512
GS,SQ,1951
NVDA,SQ,18139
SOFI,SQ,5460
KO,SQ,4136
ROKU,SQ,17132
PYPL,SQ,26050
CRM,SQ,7520
OXY,SQ,4676
MU,SQ,3184
UAL,SQ,581
MRNA,SQ,3809
GME,SQ,14269
AMZN,SQ,34969
C,SQ,4406
INO,SQ,3545
AAL,SQ,4678
TSLA,SQ,41889
DAL,SQ,4318
HD,SQ,8771
LCID,SQ,11664
META,SQ,26779
BAC,SQ,8627
V,SQ,6575
PTON,SQ,2258
PLTR,SQ,7648
AMC,SQ,11630
BBIG,SQ,3819
DKNG,SQ,7270
SNAP,SQ,11077
BYND,SQ,3933
NKLA,SQ,5104
NFLX,SQ,26367
MULN,SQ,424
AAPL,SQ,38905
TWTR,SQ,15416
XOM,SQ,3620
GOOGL,SQ,27877
F,SQ,10507
GM,SQ,5336
JPM,SQ,7068
DIS,SQ,11761
F,TSLA,57991
PYPL,TSLA,32272
SOFI,TSLA,19971
AAL,TSLA,49557
META,TSLA,172867
ROKU,TSLA,52729
AAPL,TSLA,428362
V,TSLA,14346
NKLA,TSLA,32146
GS,TSLA,18286
GOOGL,TSLA,137298
WMT,TSLA,25257
INO,TSLA,26972
TWTR,TSLA,134375
BA,TSLA,60619
AMZN,TSLA,267791
JNJ,TSLA,13977
JPM,TSLA,26388
UAL,TSLA,21497
LCID,TSLA,52001
DAL,TSLA,34421
C,TSLA,16020
GME,TSLA,120615
MULN,TSLA,29687
MU,TSLA,14562
BYND,TSLA,19298
MSFT,TSLA,177651
DIS,TSLA,27686
PENN,TSLA,28512
NVDA,TSLA,171532
MRNA,TSLA,31900
INTC,TSLA,29179
PFE,TSLA,11723
AMC,TSLA,165194
PLTR,TSLA,29306
BBIG,TSLA,24176
HD,TSLA,17097
SQ,TSLA,32210
CRM,TSLA,19670
NFLX,TSLA,133628
BAC,TSLA,27332
SNAP,TSLA,30347
KO,TSLA,8977
DKNG,TSLA,30697
XOM,TSLA,16829
PTON,TSLA,20129
OXY,TSLA,16202
AMD,TSLA,133220
GM,TSLA,33835
KO,TWTR,2573
AMC,TWTR,17563
XOM,TWTR,4970
HD,TWTR,2663
LCID,TWTR,7237
UAL,TWTR,4405
NVDA,TWTR,26598
AMZN,TWTR,50692
BYND,TWTR,4452
PTON,TWTR,5204
AMD,TWTR,28709
GS,TWTR,3792
V,TWTR,2850
DKNG,TWTR,8234
MU,TWTR,2787
MRNA,TWTR,6348
SNAP,TWTR,22995
OXY,TWTR,4811
JPM,TWTR,3734
GM,TWTR,1973
DAL,TWTR,14779
NFLX,TWTR,31796
C,TWTR,1576
ROKU,TWTR,8917
INO,TWTR,7062
BBIG,TWTR,4520
GME,TWTR,18325
SQ,TWTR,8696
AAPL,TWTR,57142
MSFT,TWTR,33554
TSLA,TWTR,134988
GOOGL,TWTR,33110
PYPL,TWTR,7950
CRM,TWTR,7150
MULN,TWTR,3829
DIS,TWTR,15416
NKLA,TWTR,6550
BA,TWTR,21886
F,TWTR,6942
WMT,TWTR,3063
AAL,TWTR,18922
BAC,TWTR,6698
PLTR,TWTR,6658
JNJ,TWTR,2047
META,TWTR,51868
SOFI,TWTR,3238
INTC,TWTR,4581
PFE,TWTR,3270
PENN,TWTR,8389
AMD,UAL,9374
V,UAL,181
MULN,UAL,7317
PTON,UAL,4113
PLTR,UAL,300
SQ,UAL,608
NFLX,UAL,6020
AMC,UAL,9632
GS,UAL,3604
PFE,UAL,1006
META,UAL,13617
GOOGL,UAL,2074
PENN,UAL,11501
JNJ,UAL,2873
OXY,UAL,1555
ROKU,UAL,1484
BA,UAL,7712
MRNA,UAL,6080
INO,UAL,3643
BBIG,UAL,5257
AAL,UAL,25006
MSFT,UAL,6456
INTC,UAL,1959
AMZN,UAL,9297
LCID,UAL,12096
F,UAL,8728
DIS,UAL,856
SNAP,UAL,7173
DAL,UAL,21413
GME,UAL,6295
WMT,UAL,296
BAC,UAL,8183
TWTR,UAL,4734
GM,UAL,694
AAPL,UAL,15914
BYND,UAL,1878
HD,UAL,234
PYPL,UAL,878
KO,UAL,744
JPM,UAL,1981
TSLA,UAL,24436
NVDA,UAL,3273
MU,UAL,916
SOFI,UAL,8825
NKLA,UAL,4349
CRM,UAL,609
XOM,UAL,1276
C,UAL,978
DKNG,UAL,12749
GME,V,1687
PENN,V,1628
CRM,V,3152
AMZN,V,20073
BBIG,V,68
DAL,V,811
MU,V,3854
TWTR,V,3919
WMT,V,8252
SNAP,V,2567
INO,V,586
PTON,V,532
MRNA,V,2006
NFLX,V,8447
BAC,V,4974
SOFI,V,939
LCID,V,621
PFE,V,3607
C,V,1193
NKLA,V,5334
AAPL,V,28255
XOM,V,7426
UAL,V,157
DIS,V,9380
NVDA,V,10918
GS,V,4607
SQ,V,6776
PLTR,V,603
META,V,19141
GM,V,3266
BYND,V,3784
INTC,V,6696
AMD,V,10127
ROKU,V,6172
F,V,6096
MULN,V,88
JNJ,V,7321
AMC,V,3238
TSLA,V,16545
BA,V,13614
PYPL,V,13086
JPM,V,7908
AAL,V,454
MSFT,V,26473
KO,V,11171
HD,V,10408
DKNG,V,3395
OXY,V,380
GOOGL,V,21083
HD,WMT,17299
DKNG,WMT,4385
SNAP,WMT,1837
BAC,WMT,5609
MULN,WMT,335
DIS,WMT,8683
AAPL,WMT,30491
F,WMT,4770
GS,WMT,5610
PFE,WMT,2932
TSLA,WMT,26672
MRNA,WMT,3594
NVDA,WMT,16055
MU,WMT,2711
AMC,WMT,11051
META,WMT,16140
AMD,WMT,14188
AMZN,WMT,24707
INTC,WMT,7111
PYPL,WMT,8437
ROKU,WMT,6534
BYND,WMT,2239
CRM,WMT,4419
OXY,WMT,669
AAL,WMT,6106
GME,WMT,9498
SOFI,WMT,518
NKLA,WMT,2251
XOM,WMT,6636
NFLX,WMT,13129
V,WMT,8188
JNJ,WMT,8127
GM,WMT,3693
BBIG,WMT,593
PENN,WMT,2150
SQ,WMT,2374
PTON,WMT,1198
JPM,WMT,8733
DAL,WMT,429
LCID,WMT,703
PLTR,WMT,3464
UAL,WMT,288
KO,WMT,6800
BA,WMT,17504
MSFT,WMT,14647
GOOGL,WMT,14805
TWTR,WMT,3189
C,WMT,4394
INO,WMT,4169
DIS,XOM,5670
V,XOM,5709
PTON,XOM,3152
PYPL,XOM,5221
JNJ,XOM,4302
AAL,XOM,5012
OXY,XOM,10825
NVDA,XOM,7774
NFLX,XOM,5178
BBIG,XOM,432
F,XOM,9796
DAL,XOM,1186
GOOGL,XOM,15078
UAL,XOM,514
GM,XOM,4348
WMT,XOM,6200
MULN,XOM,300
AMZN,XOM,17187
CRM,XOM,3059
GME,XOM,3394
BA,XOM,13124
HD,XOM,6975
ROKU,XOM,2679
BYND,XOM,4082
AMC,XOM,6749
SOFI,XOM,1122
INTC,XOM,3997
BAC,XOM,5642
PENN,XOM,211
META,XOM,19761
AMD,XOM,13778
PFE,XOM,4648
MU,XOM,2183
TWTR,XOM,4729
DKNG,XOM,1106
INO,XOM,1388
TSLA,XOM,18869
MSFT,XOM,17406
LCID,XOM,2077
KO,XOM,6536
JPM,XOM,7012
AAPL,XOM,24857
PLTR,XOM,986
SQ,XOM,2912
NKLA,XOM,511
MRNA,XOM,1006
SNAP,XOM,4682
C,XOM,6200
GS,XOM,2453
