Source,Target,Type,Id,Label,Weight
KO,AAPL,Undirected,2880825,,12111
BAC,AAPL,Undirected,2880826,,22063
V,AAPL,Undirected,2880827,,4931
DIS,AAPL,Undirected,2880828,,14321
CMG,AAPL,Undirected,2880829,,6922
GM,AAPL,Undirected,2880830,,8192
IBM,AAPL,Undirected,2880831,,19947
QCOM,AAPL,Undirected,2880832,,14454
WMT,AAPL,Undirected,2880833,,12692
MS,AAPL,Undirected,2880834,,4145
SNAP,AAPL,Undirected,2880835,,17868
T,AAPL,Undirected,2880836,,9902
SRPT,AAPL,Undirected,2880837,,11400
INTC,AAPL,Undirected,2880838,,27965
WFC,AAPL,Undirected,2880839,,6331
NFLX,AAPL,Undirected,2880840,,76249
GOOGL,AAPL,Undirected,2880841,,149335
C,AAPL,Undirected,2880842,,13728
MSFT,AAPL,Undirected,2880843,,72142
AMZN,AAPL,Undirected,2880844,,151702
GS,AAPL,Undirected,2880845,,28140
SBUX,AAPL,Undirected,2880846,,7883
TGT,AAPL,Undirected,2880847,,3177
BA,AAPL,Undirected,2880848,,10773
X,AAPL,Undirected,2880849,,5314
PCLN,AAPL,Undirected,2880850,,14971
MCD,AAPL,Undirected,2880851,,5991
AMD,AAPL,Undirected,2880852,,20816
M,AAPL,Undirected,2880853,,2058
NVDA,AAPL,Undirected,2880854,,57366
PFE,AAPL,Undirected,2880855,,7134
JPM,AAPL,Undirected,2880856,,15647
FB,AAPL,Undirected,2880857,,144877
JNJ,AAPL,Undirected,2880858,,10561
TSLA,AAPL,Undirected,2880859,,104644
PEP,AAPL,Undirected,2880860,,8465
HD,AAPL,Undirected,2880861,,5729
MU,AAPL,Undirected,2880862,,10658
XOM,AAPL,Undirected,2880863,,9971
CSCO,AAPL,Undirected,2880864,,7818
F,AAPL,Undirected,2880865,,41622
VZ,AAPL,Undirected,2880866,,6403
GE,AAPL,Undirected,2880867,,11278
GILD,AAPL,Undirected,2880868,,10522
AMGN,AAPL,Undirected,2880869,,14751
BMY,AAPL,Undirected,2880870,,2112
TWTR,AAPL,Undirected,2880871,,35567
MRK,AAPL,Undirected,2880872,,6926
CAT,AAPL,Undirected,2880873,,6606
M,AMD,Undirected,2880874,,803
WFC,AMD,Undirected,2880875,,1129
NFLX,AMD,Undirected,2880877,,8561
QCOM,AMD,Undirected,2880878,,2519
SBUX,AMD,Undirected,2880879,,923
BA,AMD,Undirected,2880880,,2358
CMG,AMD,Undirected,2880881,,4098
MU,AMD,Undirected,2880882,,13522
WMT,AMD,Undirected,2880883,,646
CSCO,AMD,Undirected,2880884,,4461
C,AMD,Undirected,2880885,,4631
KO,AMD,Undirected,2880886,,609
CAT,AMD,Undirected,2880887,,2457
SRPT,AMD,Undirected,2880888,,213
PEP,AMD,Undirected,2880889,,117
BMY,AMD,Undirected,2880890,,2958
F,AMD,Undirected,2880891,,5668
HD,AMD,Undirected,2880892,,554
VZ,AMD,Undirected,2880893,,605
GS,AMD,Undirected,2880894,,5741
TWTR,AMD,Undirected,2880895,,6010
GILD,AMD,Undirected,2880896,,2876
BAC,AMD,Undirected,2880897,,10318
GOOGL,AMD,Undirected,2880898,,12001
GM,AMD,Undirected,2880899,,2550
JNJ,AMD,Undirected,2880900,,711
SNAP,AMD,Undirected,2880901,,6498
DIS,AMD,Undirected,2880902,,1146
TSLA,AMD,Undirected,2880903,,17494
T,AMD,Undirected,2880904,,6000
GE,AMD,Undirected,2880905,,3250
AMZN,AMD,Undirected,2880906,,15084
MRK,AMD,Undirected,2880907,,2896
JPM,AMD,Undirected,2880908,,4956
NVDA,AMD,Undirected,2880909,,41912
XOM,AMD,Undirected,2880910,,1294
MSFT,AMD,Undirected,2880911,,9194
IBM,AMD,Undirected,2880912,,1984
FB,AMD,Undirected,2880913,,14093
INTC,AMD,Undirected,2880914,,22846
MS,AMD,Undirected,2880915,,1052
PCLN,AMD,Undirected,2880916,,628
PFE,AMD,Undirected,2880917,,4593
V,AMD,Undirected,2880918,,1457
TGT,AMD,Undirected,2880919,,431
AMGN,AMD,Undirected,2880920,,673
MCD,AMD,Undirected,2880921,,2039
X,AMD,Undirected,2880922,,4068
PEP,AMGN,Undirected,2880923,,1340
GILD,AMGN,Undirected,2880924,,10883
JNJ,AMGN,Undirected,2880925,,7982
X,AMGN,Undirected,2880926,,297
KO,AMGN,Undirected,2880927,,1917
SNAP,AMGN,Undirected,2880928,,5307
GS,AMGN,Undirected,2880930,,6449
MSFT,AMGN,Undirected,2880931,,2022
C,AMGN,Undirected,2880932,,2242
QCOM,AMGN,Undirected,2880933,,682
BMY,AMGN,Undirected,2880934,,6611
MS,AMGN,Undirected,2880935,,128
FB,AMGN,Undirected,2880936,,13716
V,AMGN,Undirected,2880937,,381
CMG,AMGN,Undirected,2880938,,714
VZ,AMGN,Undirected,2880939,,1215
GE,AMGN,Undirected,2880940,,407
M,AMGN,Undirected,2880941,,127
INTC,AMGN,Undirected,2880942,,921
SBUX,AMGN,Undirected,2880943,,258
WMT,AMGN,Undirected,2880944,,251
TGT,AMGN,Undirected,2880945,,139
SRPT,AMGN,Undirected,2880946,,15388
CSCO,AMGN,Undirected,2880947,,752
CAT,AMGN,Undirected,2880948,,560
JPM,AMGN,Undirected,2880949,,781
DIS,AMGN,Undirected,2880950,,891
NVDA,AMGN,Undirected,2880951,,841
IBM,AMGN,Undirected,2880952,,970
GOOGL,AMGN,Undirected,2880953,,14093
TSLA,AMGN,Undirected,2880954,,2987
MU,AMGN,Undirected,2880955,,170
BA,AMGN,Undirected,2880956,,1019
GM,AMGN,Undirected,2880957,,652
T,AMGN,Undirected,2880958,,2074
XOM,AMGN,Undirected,2880959,,285
HD,AMGN,Undirected,2880960,,1025
PFE,AMGN,Undirected,2880962,,6985
AMZN,AMGN,Undirected,2880963,,4327
TWTR,AMGN,Undirected,2880964,,3209
BAC,AMGN,Undirected,2880965,,5618
WFC,AMGN,Undirected,2880966,,466
MCD,AMGN,Undirected,2880967,,407
F,AMGN,Undirected,2880968,,511
NFLX,AMGN,Undirected,2880969,,4081
PCLN,AMGN,Undirected,2880970,,3163
MRK,AMGN,Undirected,2880971,,13364
SNAP,AMZN,Undirected,2880973,,20031
MCD,AMZN,Undirected,2880974,,6632
C,AMZN,Undirected,2880975,,9373
M,AMZN,Undirected,2880976,,9201
CMG,AMZN,Undirected,2880977,,11254
X,AMZN,Undirected,2880978,,3945
GILD,AMZN,Undirected,2880979,,7511
WMT,AMZN,Undirected,2880980,,47116
FB,AMZN,Undirected,2880981,,128033
BAC,AMZN,Undirected,2880982,,12756
SRPT,AMZN,Undirected,2880983,,1327
GS,AMZN,Undirected,2880984,,22722
PFE,AMZN,Undirected,2880985,,2905
IBM,AMZN,Undirected,2880986,,13364
GM,AMZN,Undirected,2880987,,5859
GE,AMZN,Undirected,2880988,,9132
MRK,AMZN,Undirected,2880989,,4012
T,AMZN,Undirected,2880991,,12876
PEP,AMZN,Undirected,2880992,,5232
XOM,AMZN,Undirected,2880993,,5497
CAT,AMZN,Undirected,2880994,,4334
QCOM,AMZN,Undirected,2880995,,2662
JNJ,AMZN,Undirected,2880996,,5588
MS,AMZN,Undirected,2880997,,1827
PCLN,AMZN,Undirected,2880998,,18958
INTC,AMZN,Undirected,2880999,,23572
NFLX,AMZN,Undirected,2881000,,100330
BMY,AMZN,Undirected,2881001,,1439
DIS,AMZN,Undirected,2881002,,19426
JPM,AMZN,Undirected,2881003,,10502
V,AMZN,Undirected,2881004,,4243
TWTR,AMZN,Undirected,2881005,,36996
BA,AMZN,Undirected,2881006,,8670
TSLA,AMZN,Undirected,2881008,,95331
VZ,AMZN,Undirected,2881009,,4166
WFC,AMZN,Undirected,2881010,,4562
F,AMZN,Undirected,2881011,,7510
TGT,AMZN,Undirected,2881012,,15814
CSCO,AMZN,Undirected,2881013,,10846
SBUX,AMZN,Undirected,2881014,,11045
KO,AMZN,Undirected,2881015,,7616
NVDA,AMZN,Undirected,2881016,,54486
MSFT,AMZN,Undirected,2881017,,72892
MU,AMZN,Undirected,2881018,,5747
HD,AMZN,Undirected,2881019,,6390
GOOGL,AMZN,Undirected,2881020,,159603
TGT,BA,Undirected,2881021,,531
INTC,BA,Undirected,2881022,,3894
SRPT,BA,Undirected,2881023,,112
DIS,BA,Undirected,2881024,,3120
MCD,BA,Undirected,2881025,,4854
CAT,BA,Undirected,2881026,,6422
MRK,BA,Undirected,2881027,,1659
C,BA,Undirected,2881028,,1700
M,BA,Undirected,2881029,,253
BAC,BA,Undirected,2881031,,1923
HD,BA,Undirected,2881033,,3009
JNJ,BA,Undirected,2881034,,2482
CSCO,BA,Undirected,2881036,,2693
PFE,BA,Undirected,2881037,,696
MS,BA,Undirected,2881038,,720
MSFT,BA,Undirected,2881039,,5305
XOM,BA,Undirected,2881040,,1316
PEP,BA,Undirected,2881041,,1533
SNAP,BA,Undirected,2881042,,743
IBM,BA,Undirected,2881043,,4835
PCLN,BA,Undirected,2881044,,2057
GE,BA,Undirected,2881045,,4506
VZ,BA,Undirected,2881046,,1334
JPM,BA,Undirected,2881047,,3730
KO,BA,Undirected,2881048,,2629
GOOGL,BA,Undirected,2881049,,6077
CMG,BA,Undirected,2881050,,2922
T,BA,Undirected,2881051,,2767
NVDA,BA,Undirected,2881052,,2090
NFLX,BA,Undirected,2881053,,2914
GM,BA,Undirected,2881054,,3678
TSLA,BA,Undirected,2881055,,2868
TWTR,BA,Undirected,2881056,,3316
MU,BA,Undirected,2881057,,651
F,BA,Undirected,2881058,,3424
GS,BA,Undirected,2881059,,3914
GILD,BA,Undirected,2881060,,1979
WFC,BA,Undirected,2881061,,1494
WMT,BA,Undirected,2881062,,1491
V,BA,Undirected,2881063,,2306
FB,BA,Undirected,2881064,,5312
BMY,BA,Undirected,2881065,,621
QCOM,BA,Undirected,2881066,,810
SBUX,BA,Undirected,2881067,,1331
X,BA,Undirected,2881068,,1347
VZ,BAC,Undirected,2881070,,1667
PFE,BAC,Undirected,2881071,,9411
SRPT,BAC,Undirected,2881072,,316
KO,BAC,Undirected,2881073,,2358
TSLA,BAC,Undirected,2881074,,13186
MU,BAC,Undirected,2881075,,7987
GS,BAC,Undirected,2881076,,29816
CMG,BAC,Undirected,2881077,,1900
X,BAC,Undirected,2881078,,2428
F,BAC,Undirected,2881079,,5053
JNJ,BAC,Undirected,2881080,,4554
GM,BAC,Undirected,2881081,,2169
MCD,BAC,Undirected,2881082,,1380
T,BAC,Undirected,2881083,,5699
MRK,BAC,Undirected,2881084,,7565
SNAP,BAC,Undirected,2881085,,3322
XOM,BAC,Undirected,2881086,,2574
GE,BAC,Undirected,2881087,,7774
IBM,BAC,Undirected,2881088,,4545
NVDA,BAC,Undirected,2881089,,10596
QCOM,BAC,Undirected,2881090,,2602
C,BAC,Undirected,2881091,,30150
HD,BAC,Undirected,2881092,,1848
GOOGL,BAC,Undirected,2881094,,11692
PCLN,BAC,Undirected,2881095,,3025
BMY,BAC,Undirected,2881096,,3296
WFC,BAC,Undirected,2881097,,18448
JPM,BAC,Undirected,2881098,,37142
WMT,BAC,Undirected,2881100,,2204
CAT,BAC,Undirected,2881101,,1239
FB,BAC,Undirected,2881102,,15377
NFLX,BAC,Undirected,2881103,,12580
MSFT,BAC,Undirected,2881105,,8255
V,BAC,Undirected,2881106,,2547
SBUX,BAC,Undirected,2881107,,722
M,BAC,Undirected,2881108,,795
DIS,BAC,Undirected,2881109,,2514
CSCO,BAC,Undirected,2881110,,3564
PEP,BAC,Undirected,2881111,,948
GILD,BAC,Undirected,2881112,,1637
TWTR,BAC,Undirected,2881114,,3662
MS,BAC,Undirected,2881115,,10965
INTC,BAC,Undirected,2881117,,3931
TGT,BAC,Undirected,2881118,,812
PFE,BMY,Undirected,2881119,,9240
KO,BMY,Undirected,2881120,,924
C,BMY,Undirected,2881121,,2897
F,BMY,Undirected,2881122,,1020
X,BMY,Undirected,2881123,,177
JNJ,BMY,Undirected,2881124,,10566
TWTR,BMY,Undirected,2881125,,1374
SRPT,BMY,Undirected,2881126,,302
PEP,BMY,Undirected,2881127,,749
WFC,BMY,Undirected,2881129,,362
CMG,BMY,Undirected,2881130,,330
VZ,BMY,Undirected,2881131,,807
SBUX,BMY,Undirected,2881132,,184
XOM,BMY,Undirected,2881133,,580
M,BMY,Undirected,2881134,,158
GE,BMY,Undirected,2881135,,817
FB,BMY,Undirected,2881136,,1317
CSCO,BMY,Undirected,2881137,,1925
INTC,BMY,Undirected,2881138,,804
MS,BMY,Undirected,2881140,,78
IBM,BMY,Undirected,2881141,,910
NFLX,BMY,Undirected,2881142,,336
WMT,BMY,Undirected,2881143,,285
HD,BMY,Undirected,2881144,,154
GILD,BMY,Undirected,2881145,,11456
GOOGL,BMY,Undirected,2881146,,1228
TGT,BMY,Undirected,2881147,,200
GS,BMY,Undirected,2881148,,2614
JPM,BMY,Undirected,2881149,,3073
TSLA,BMY,Undirected,2881150,,697
SNAP,BMY,Undirected,2881151,,515
CAT,BMY,Undirected,2881152,,581
MRK,BMY,Undirected,2881153,,21849
V,BMY,Undirected,2881154,,469
PCLN,BMY,Undirected,2881155,,359
MSFT,BMY,Undirected,2881156,,2884
MU,BMY,Undirected,2881157,,2562
T,BMY,Undirected,2881158,,500
NVDA,BMY,Undirected,2881161,,488
QCOM,BMY,Undirected,2881162,,254
MCD,BMY,Undirected,2881165,,317
DIS,BMY,Undirected,2881166,,1249
GM,BMY,Undirected,2881167,,309
CAT,C,Undirected,2881168,,1350
CMG,C,Undirected,2881170,,1122
KO,C,Undirected,2881171,,826
XOM,C,Undirected,2881172,,1129
TGT,C,Undirected,2881173,,478
PEP,C,Undirected,2881174,,709
FB,C,Undirected,2881175,,8892
SRPT,C,Undirected,2881176,,1067
JNJ,C,Undirected,2881177,,839
QCOM,C,Undirected,2881178,,446
SBUX,C,Undirected,2881179,,447
PFE,C,Undirected,2881180,,4347
SNAP,C,Undirected,2881181,,2193
T,C,Undirected,2881182,,6504
GE,C,Undirected,2881183,,2886
HD,C,Undirected,2881184,,743
WFC,C,Undirected,2881185,,20441
X,C,Undirected,2881186,,1135
INTC,C,Undirected,2881187,,2287
PCLN,C,Undirected,2881188,,2801
IBM,C,Undirected,2881190,,1605
WMT,C,Undirected,2881191,,1321
MRK,C,Undirected,2881192,,3608
NVDA,C,Undirected,2881193,,4307
CSCO,C,Undirected,2881194,,2806
GM,C,Undirected,2881195,,1096
VZ,C,Undirected,2881196,,1123
MS,C,Undirected,2881197,,9386
GILD,C,Undirected,2881201,,534
F,C,Undirected,2881202,,2241
TWTR,C,Undirected,2881203,,2024
GS,C,Undirected,2881204,,21599
TSLA,C,Undirected,2881206,,7228
NFLX,C,Undirected,2881207,,8912
GOOGL,C,Undirected,2881208,,7595
V,C,Undirected,2881210,,1243
MCD,C,Undirected,2881211,,818
JPM,C,Undirected,2881212,,33873
DIS,C,Undirected,2881213,,1704
MU,C,Undirected,2881214,,4643
M,C,Undirected,2881215,,1143
MSFT,C,Undirected,2881216,,5339
GS,CAT,Undirected,2881217,,3118
GILD,CAT,Undirected,2881218,,1040
HD,CAT,Undirected,2881219,,1748
WMT,CAT,Undirected,2881220,,969
FB,CAT,Undirected,2881222,,4003
V,CAT,Undirected,2881223,,1976
MU,CAT,Undirected,2881225,,1097
SNAP,CAT,Undirected,2881226,,952
DIS,CAT,Undirected,2881227,,3654
WFC,CAT,Undirected,2881228,,481
NFLX,CAT,Undirected,2881229,,2299
JNJ,CAT,Undirected,2881230,,961
INTC,CAT,Undirected,2881231,,4975
GOOGL,CAT,Undirected,2881233,,4030
MRK,CAT,Undirected,2881234,,1694
GE,CAT,Undirected,2881235,,2286
PEP,CAT,Undirected,2881236,,191
JPM,CAT,Undirected,2881237,,3027
IBM,CAT,Undirected,2881238,,2545
KO,CAT,Undirected,2881239,,1601
NVDA,CAT,Undirected,2881240,,2081
XOM,CAT,Undirected,2881242,,1987
TWTR,CAT,Undirected,2881243,,4011
F,CAT,Undirected,2881244,,1894
MCD,CAT,Undirected,2881245,,4704
M,CAT,Undirected,2881247,,217
VZ,CAT,Undirected,2881248,,864
TGT,CAT,Undirected,2881249,,211
MS,CAT,Undirected,2881251,,523
T,CAT,Undirected,2881252,,2319
SBUX,CAT,Undirected,2881254,,986
CMG,CAT,Undirected,2881256,,1901
PCLN,CAT,Undirected,2881257,,1498
GM,CAT,Undirected,2881258,,2340
CSCO,CAT,Undirected,2881259,,2198
MSFT,CAT,Undirected,2881260,,5263
TSLA,CAT,Undirected,2881261,,1795
X,CAT,Undirected,2881262,,1563
PFE,CAT,Undirected,2881263,,1005
SRPT,CAT,Undirected,2881264,,70
QCOM,CAT,Undirected,2881265,,648
CSCO,CMG,Undirected,2881266,,86
V,CMG,Undirected,2881267,,1463
WFC,CMG,Undirected,2881272,,778
GS,CMG,Undirected,2881273,,2620
TWTR,CMG,Undirected,2881274,,7594
IBM,CMG,Undirected,2881275,,3306
GOOGL,CMG,Undirected,2881276,,8528
X,CMG,Undirected,2881277,,1979
PEP,CMG,Undirected,2881278,,2197
MRK,CMG,Undirected,2881279,,1021
FB,CMG,Undirected,2881280,,6727
VZ,CMG,Undirected,2881282,,167
SBUX,CMG,Undirected,2881285,,2368
NVDA,CMG,Undirected,2881286,,3400
TSLA,CMG,Undirected,2881287,,6816
TGT,CMG,Undirected,2881288,,431
GM,CMG,Undirected,2881289,,1971
MS,CMG,Undirected,2881290,,164
MSFT,CMG,Undirected,2881291,,4364
GILD,CMG,Undirected,2881292,,1803
KO,CMG,Undirected,2881293,,3153
F,CMG,Undirected,2881294,,2850
PCLN,CMG,Undirected,2881295,,1501
PFE,CMG,Undirected,2881296,,389
MU,CMG,Undirected,2881297,,792
QCOM,CMG,Undirected,2881299,,208
T,CMG,Undirected,2881300,,2917
DIS,CMG,Undirected,2881301,,2170
NFLX,CMG,Undirected,2881302,,6975
M,CMG,Undirected,2881303,,459
HD,CMG,Undirected,2881304,,529
SRPT,CMG,Undirected,2881305,,238
WMT,CMG,Undirected,2881306,,348
JNJ,CMG,Undirected,2881307,,1223
XOM,CMG,Undirected,2881309,,1066
INTC,CMG,Undirected,2881310,,2525
SNAP,CMG,Undirected,2881311,,1771
MCD,CMG,Undirected,2881312,,6555
JPM,CMG,Undirected,2881313,,1283
GE,CMG,Undirected,2881314,,1310
JNJ,CSCO,Undirected,2881316,,1406
NVDA,CSCO,Undirected,2881319,,7486
NFLX,CSCO,Undirected,2881320,,8478
WMT,CSCO,Undirected,2881321,,3626
GOOGL,CSCO,Undirected,2881322,,3837
WFC,CSCO,Undirected,2881323,,394
DIS,CSCO,Undirected,2881324,,5999
IBM,CSCO,Undirected,2881326,,4332
JPM,CSCO,Undirected,2881327,,4125
PCLN,CSCO,Undirected,2881328,,7134
INTC,CSCO,Undirected,2881329,,8226
KO,CSCO,Undirected,2881330,,1134
TWTR,CSCO,Undirected,2881331,,642
HD,CSCO,Undirected,2881332,,2600
SNAP,CSCO,Undirected,2881333,,3889
GS,CSCO,Undirected,2881334,,2850
V,CSCO,Undirected,2881335,,909
VZ,CSCO,Undirected,2881336,,2557
PFE,CSCO,Undirected,2881337,,3100
MRK,CSCO,Undirected,2881339,,2934
MCD,CSCO,Undirected,2881340,,1175
X,CSCO,Undirected,2881341,,156
SRPT,CSCO,Undirected,2881342,,28
XOM,CSCO,Undirected,2881343,,1350
GE,CSCO,Undirected,2881344,,3364
PEP,CSCO,Undirected,2881345,,934
MU,CSCO,Undirected,2881346,,2967
SBUX,CSCO,Undirected,2881348,,550
TSLA,CSCO,Undirected,2881349,,1312
GM,CSCO,Undirected,2881353,,718
TGT,CSCO,Undirected,2881354,,2697
F,CSCO,Undirected,2881355,,1649
GILD,CSCO,Undirected,2881356,,912
FB,CSCO,Undirected,2881358,,2623
T,CSCO,Undirected,2881359,,1256
MSFT,CSCO,Undirected,2881360,,12468
MS,CSCO,Undirected,2881361,,122
QCOM,CSCO,Undirected,2881362,,2339
M,CSCO,Undirected,2881363,,243
WFC,DIS,Undirected,2881364,,1767
MS,DIS,Undirected,2881366,,462
JNJ,DIS,Undirected,2881368,,2756
SRPT,DIS,Undirected,2881369,,86
F,DIS,Undirected,2881370,,2174
QCOM,DIS,Undirected,2881371,,1096
NFLX,DIS,Undirected,2881372,,22665
MU,DIS,Undirected,2881373,,926
GS,DIS,Undirected,2881374,,3077
XOM,DIS,Undirected,2881375,,1807
TWTR,DIS,Undirected,2881376,,7214
MSFT,DIS,Undirected,2881377,,7739
PFE,DIS,Undirected,2881378,,1852
M,DIS,Undirected,2881379,,2298
KO,DIS,Undirected,2881380,,2596
TSLA,DIS,Undirected,2881381,,10017
PCLN,DIS,Undirected,2881382,,6759
IBM,DIS,Undirected,2881383,,4355
V,DIS,Undirected,2881385,,1304
MRK,DIS,Undirected,2881387,,1974
NVDA,DIS,Undirected,2881388,,8856
X,DIS,Undirected,2881389,,430
GM,DIS,Undirected,2881390,,1684
MCD,DIS,Undirected,2881391,,2175
GE,DIS,Undirected,2881393,,2938
INTC,DIS,Undirected,2881394,,4112
WMT,DIS,Undirected,2881395,,2669
PEP,DIS,Undirected,2881396,,1804
T,DIS,Undirected,2881397,,2644
SNAP,DIS,Undirected,2881399,,9329
TGT,DIS,Undirected,2881400,,1240
SBUX,DIS,Undirected,2881402,,3591
GILD,DIS,Undirected,2881403,,2068
HD,DIS,Undirected,2881406,,2383
GOOGL,DIS,Undirected,2881408,,8735
JPM,DIS,Undirected,2881409,,3666
VZ,DIS,Undirected,2881411,,3930
FB,DIS,Undirected,2881412,,11449
PCLN,F,Undirected,2881415,,199
M,F,Undirected,2881416,,748
FB,F,Undirected,2881417,,8343
PFE,F,Undirected,2881419,,1954
HD,F,Undirected,2881420,,405
MS,F,Undirected,2881421,,434
WMT,F,Undirected,2881423,,818
GS,F,Undirected,2881424,,1731
INTC,F,Undirected,2881425,,4572
MU,F,Undirected,2881427,,1534
VZ,F,Undirected,2881428,,1271
MSFT,F,Undirected,2881429,,4874
SBUX,F,Undirected,2881430,,1849
X,F,Undirected,2881431,,2496
TSLA,F,Undirected,2881433,,27502
SRPT,F,Undirected,2881434,,169
T,F,Undirected,2881435,,5140
NVDA,F,Undirected,2881436,,3359
SNAP,F,Undirected,2881439,,1750
GE,F,Undirected,2881440,,4693
MCD,F,Undirected,2881442,,2418
NFLX,F,Undirected,2881444,,2540
GOOGL,F,Undirected,2881445,,8849
JPM,F,Undirected,2881447,,1300
JNJ,F,Undirected,2881448,,1597
GM,F,Undirected,2881449,,37098
PEP,F,Undirected,2881450,,1433
KO,F,Undirected,2881451,,3168
IBM,F,Undirected,2881452,,2603
MRK,F,Undirected,2881453,,573
QCOM,F,Undirected,2881455,,1094
WFC,F,Undirected,2881456,,1281
TGT,F,Undirected,2881457,,674
TWTR,F,Undirected,2881458,,5290
GILD,F,Undirected,2881459,,3046
V,F,Undirected,2881460,,792
XOM,F,Undirected,2881461,,1355
V,FB,Undirected,2881462,,2844
TWTR,FB,Undirected,2881463,,120139
KO,FB,Undirected,2881464,,5068
WMT,FB,Undirected,2881467,,4145
WFC,FB,Undirected,2881468,,3331
QCOM,FB,Undirected,2881469,,3985
GS,FB,Undirected,2881472,,33018
MU,FB,Undirected,2881473,,8935
GOOGL,FB,Undirected,2881474,,148927
TSLA,FB,Undirected,2881475,,67592
X,FB,Undirected,2881476,,4531
T,FB,Undirected,2881477,,9355
INTC,FB,Undirected,2881478,,17626
PFE,FB,Undirected,2881479,,3544
PEP,FB,Undirected,2881480,,3496
TGT,FB,Undirected,2881482,,2000
NFLX,FB,Undirected,2881483,,78543
JNJ,FB,Undirected,2881485,,5314
MRK,FB,Undirected,2881487,,2605
XOM,FB,Undirected,2881488,,3931
MS,FB,Undirected,2881489,,3134
SBUX,FB,Undirected,2881493,,11172
GM,FB,Undirected,2881495,,6276
SNAP,FB,Undirected,2881496,,41512
PCLN,FB,Undirected,2881497,,10689
GILD,FB,Undirected,2881498,,8271
NVDA,FB,Undirected,2881499,,54536
IBM,FB,Undirected,2881500,,9007
MCD,FB,Undirected,2881501,,3232
VZ,FB,Undirected,2881502,,3894
MSFT,FB,Undirected,2881503,,54374
HD,FB,Undirected,2881504,,2863
GE,FB,Undirected,2881506,,6271
SRPT,FB,Undirected,2881507,,12743
M,FB,Undirected,2881508,,1455
JPM,FB,Undirected,2881510,,9924
X,GE,Undirected,2881512,,1177
JNJ,GE,Undirected,2881514,,5107
MSFT,GE,Undirected,2881515,,8000
GILD,GE,Undirected,2881516,,798
M,GE,Undirected,2881518,,944
PEP,GE,Undirected,2881520,,2310
INTC,GE,Undirected,2881521,,3668
NVDA,GE,Undirected,2881522,,2889
GM,GE,Undirected,2881525,,4622
V,GE,Undirected,2881528,,1993
WMT,GE,Undirected,2881529,,4381
KO,GE,Undirected,2881530,,3764
NFLX,GE,Undirected,2881532,,4715
WFC,GE,Undirected,2881533,,2429
GOOGL,GE,Undirected,2881534,,6969
MCD,GE,Undirected,2881537,,1380
PFE,GE,Undirected,2881538,,2386
SBUX,GE,Undirected,2881539,,879
TGT,GE,Undirected,2881540,,4104
TSLA,GE,Undirected,2881541,,4740
PCLN,GE,Undirected,2881545,,311
IBM,GE,Undirected,2881546,,8709
HD,GE,Undirected,2881547,,1712
TWTR,GE,Undirected,2881548,,3266
GS,GE,Undirected,2881549,,5336
QCOM,GE,Undirected,2881550,,2088
SRPT,GE,Undirected,2881551,,113
MU,GE,Undirected,2881552,,2844
XOM,GE,Undirected,2881553,,3852
MRK,GE,Undirected,2881554,,1916
JPM,GE,Undirected,2881555,,3942
SNAP,GE,Undirected,2881556,,1344
MS,GE,Undirected,2881557,,2437
VZ,GE,Undirected,2881558,,3817
T,GE,Undirected,2881559,,6464
NVDA,GILD,Undirected,2881560,,6043
X,GILD,Undirected,2881561,,745
SRPT,GILD,Undirected,2881562,,1309
PFE,GILD,Undirected,2881563,,7519
KO,GILD,Undirected,2881565,,2552
TWTR,GILD,Undirected,2881566,,4235
XOM,GILD,Undirected,2881567,,825
MS,GILD,Undirected,2881568,,156
WMT,GILD,Undirected,2881569,,663
MCD,GILD,Undirected,2881571,,1481
GS,GILD,Undirected,2881573,,4146
M,GILD,Undirected,2881574,,337
GM,GILD,Undirected,2881576,,1994
MU,GILD,Undirected,2881577,,924
GOOGL,GILD,Undirected,2881579,,7447
SBUX,GILD,Undirected,2881580,,1090
WFC,GILD,Undirected,2881581,,614
TGT,GILD,Undirected,2881583,,1896
NFLX,GILD,Undirected,2881587,,2145
JPM,GILD,Undirected,2881588,,818
QCOM,GILD,Undirected,2881589,,3041
INTC,GILD,Undirected,2881590,,2766
T,GILD,Undirected,2881591,,1475
PEP,GILD,Undirected,2881592,,1608
MRK,GILD,Undirected,2881594,,12984
MSFT,GILD,Undirected,2881596,,2920
PCLN,GILD,Undirected,2881598,,297
IBM,GILD,Undirected,2881599,,1439
HD,GILD,Undirected,2881600,,564
JNJ,GILD,Undirected,2881601,,13274
SNAP,GILD,Undirected,2881603,,1049
TSLA,GILD,Undirected,2881604,,5569
V,GILD,Undirected,2881605,,681
VZ,GILD,Undirected,2881608,,602
MS,GM,Undirected,2881610,,430
GS,GM,Undirected,2881612,,2006
PFE,GM,Undirected,2881614,,840
SRPT,GM,Undirected,2881615,,258
NVDA,GM,Undirected,2881619,,2172
KO,GM,Undirected,2881622,,2495
SBUX,GM,Undirected,2881624,,1215
X,GM,Undirected,2881625,,1320
PCLN,GM,Undirected,2881626,,237
GOOGL,GM,Undirected,2881627,,7655
V,GM,Undirected,2881628,,856
TSLA,GM,Undirected,2881629,,36894
INTC,GM,Undirected,2881630,,3114
JNJ,GM,Undirected,2881631,,962
MSFT,GM,Undirected,2881632,,3229
TGT,GM,Undirected,2881634,,526
M,GM,Undirected,2881635,,421
XOM,GM,Undirected,2881636,,1144
HD,GM,Undirected,2881638,,825
MCD,GM,Undirected,2881640,,2506
JPM,GM,Undirected,2881641,,1608
SNAP,GM,Undirected,2881642,,1323
WFC,GM,Undirected,2881644,,976
T,GM,Undirected,2881645,,3344
VZ,GM,Undirected,2881646,,891
PEP,GM,Undirected,2881648,,1510
IBM,GM,Undirected,2881649,,2551
NFLX,GM,Undirected,2881652,,1598
MRK,GM,Undirected,2881653,,920
TWTR,GM,Undirected,2881654,,4276
WMT,GM,Undirected,2881655,,1470
MU,GM,Undirected,2881656,,1155
QCOM,GM,Undirected,2881657,,600
TSLA,GOOGL,Undirected,2881658,,74309
NFLX,GOOGL,Undirected,2881660,,66786
MRK,GOOGL,Undirected,2881661,,3165
VZ,GOOGL,Undirected,2881662,,5146
WMT,GOOGL,Undirected,2881663,,6291
JPM,GOOGL,Undirected,2881665,,10165
PEP,GOOGL,Undirected,2881666,,4849
NVDA,GOOGL,Undirected,2881667,,47592
QCOM,GOOGL,Undirected,2881668,,4107
PFE,GOOGL,Undirected,2881669,,3274
KO,GOOGL,Undirected,2881671,,9516
IBM,GOOGL,Undirected,2881672,,16529
V,GOOGL,Undirected,2881673,,3354
HD,GOOGL,Undirected,2881674,,3490
SNAP,GOOGL,Undirected,2881676,,19558
SBUX,GOOGL,Undirected,2881677,,5792
MSFT,GOOGL,Undirected,2881679,,75481
PCLN,GOOGL,Undirected,2881681,,9301
XOM,GOOGL,Undirected,2881682,,4476
WFC,GOOGL,Undirected,2881685,,3915
JNJ,GOOGL,Undirected,2881687,,6853
MS,GOOGL,Undirected,2881688,,1389
INTC,GOOGL,Undirected,2881689,,26897
GS,GOOGL,Undirected,2881690,,30645
M,GOOGL,Undirected,2881691,,1189
SRPT,GOOGL,Undirected,2881692,,12384
MU,GOOGL,Undirected,2881693,,4782
MCD,GOOGL,Undirected,2881695,,5901
T,GOOGL,Undirected,2881697,,10172
TGT,GOOGL,Undirected,2881698,,2585
X,GOOGL,Undirected,2881700,,2778
TWTR,GOOGL,Undirected,2881701,,36678
X,GS,Undirected,2881707,,1021
T,GS,Undirected,2881708,,1157
NVDA,GS,Undirected,2881709,,20593
JPM,GS,Undirected,2881711,,28650
WMT,GS,Undirected,2881712,,2980
HD,GS,Undirected,2881713,,1996
JNJ,GS,Undirected,2881714,,4928
INTC,GS,Undirected,2881715,,2568
PCLN,GS,Undirected,2881716,,2625
WFC,GS,Undirected,2881721,,10411
TSLA,GS,Undirected,2881722,,26889
MS,GS,Undirected,2881724,,15995
PFE,GS,Undirected,2881726,,3141
KO,GS,Undirected,2881727,,1084
TGT,GS,Undirected,2881728,,1173
SNAP,GS,Undirected,2881729,,4185
TWTR,GS,Undirected,2881731,,6286
VZ,GS,Undirected,2881732,,3202
QCOM,GS,Undirected,2881734,,2200
MU,GS,Undirected,2881736,,2959
NFLX,GS,Undirected,2881737,,24717
MSFT,GS,Undirected,2881738,,6282
IBM,GS,Undirected,2881739,,7222
MRK,GS,Undirected,2881740,,3170
M,GS,Undirected,2881741,,607
MCD,GS,Undirected,2881743,,2028
SRPT,GS,Undirected,2881745,,6442
SBUX,GS,Undirected,2881746,,776
V,GS,Undirected,2881751,,2482
XOM,GS,Undirected,2881754,,2980
PEP,GS,Undirected,2881755,,281
X,HD,Undirected,2881756,,272
KO,HD,Undirected,2881758,,2479
V,HD,Undirected,2881760,,1398
IBM,HD,Undirected,2881761,,2424
TWTR,HD,Undirected,2881763,,1605
NVDA,HD,Undirected,2881764,,1405
INTC,HD,Undirected,2881765,,1739
XOM,HD,Undirected,2881769,,697
M,HD,Undirected,2881770,,1710
QCOM,HD,Undirected,2881771,,486
JPM,HD,Undirected,2881772,,2541
PCLN,HD,Undirected,2881773,,606
MSFT,HD,Undirected,2881774,,3423
VZ,HD,Undirected,2881775,,648
JNJ,HD,Undirected,2881776,,2570
WMT,HD,Undirected,2881777,,6027
WFC,HD,Undirected,2881778,,503
TSLA,HD,Undirected,2881781,,2351
TGT,HD,Undirected,2881782,,3942
SNAP,HD,Undirected,2881783,,628
NFLX,HD,Undirected,2881785,,1826
MRK,HD,Undirected,2881787,,1696
T,HD,Undirected,2881788,,839
MS,HD,Undirected,2881790,,887
PFE,HD,Undirected,2881791,,424
PEP,HD,Undirected,2881792,,1166
MU,HD,Undirected,2881793,,414
MCD,HD,Undirected,2881796,,1995
SBUX,HD,Undirected,2881801,,608
SRPT,HD,Undirected,2881803,,458
PCLN,IBM,Undirected,2881806,,793
QCOM,IBM,Undirected,2881807,,3058
XOM,IBM,Undirected,2881808,,2039
PFE,IBM,Undirected,2881809,,2077
NVDA,IBM,Undirected,2881810,,4297
WMT,IBM,Undirected,2881811,,2603
T,IBM,Undirected,2881814,,1123
VZ,IBM,Undirected,2881817,,3153
TSLA,IBM,Undirected,2881819,,6358
TGT,IBM,Undirected,2881821,,1122
MRK,IBM,Undirected,2881823,,3879
V,IBM,Undirected,2881824,,2282
KO,IBM,Undirected,2881825,,6540
MSFT,IBM,Undirected,2881826,,18315
SRPT,IBM,Undirected,2881827,,517
SBUX,IBM,Undirected,2881829,,668
MU,IBM,Undirected,2881830,,458
MCD,IBM,Undirected,2881834,,3050
WFC,IBM,Undirected,2881837,,2585
JPM,IBM,Undirected,2881838,,4959
M,IBM,Undirected,2881843,,594
X,IBM,Undirected,2881844,,379
NFLX,IBM,Undirected,2881845,,7950
PEP,IBM,Undirected,2881846,,5216
INTC,IBM,Undirected,2881847,,6310
TWTR,IBM,Undirected,2881849,,6293
JNJ,IBM,Undirected,2881850,,6721
MS,IBM,Undirected,2881851,,2810
SNAP,IBM,Undirected,2881853,,2225
NFLX,INTC,Undirected,2881856,,6543
WFC,INTC,Undirected,2881858,,1870
V,INTC,Undirected,2881859,,1681
X,INTC,Undirected,2881863,,1683
TWTR,INTC,Undirected,2881864,,4549
SBUX,INTC,Undirected,2881865,,2556
SNAP,INTC,Undirected,2881868,,1198
XOM,INTC,Undirected,2881869,,2199
TSLA,INTC,Undirected,2881870,,7493
MCD,INTC,Undirected,2881871,,4207
VZ,INTC,Undirected,2881872,,1676
PEP,INTC,Undirected,2881874,,770
T,INTC,Undirected,2881877,,4341
JPM,INTC,Undirected,2881878,,4947
M,INTC,Undirected,2881879,,387
PFE,INTC,Undirected,2881880,,2120
KO,INTC,Undirected,2881881,,1799
WMT,INTC,Undirected,2881884,,1258
MRK,INTC,Undirected,2881886,,2278
NVDA,INTC,Undirected,2881887,,35874
MU,INTC,Undirected,2881888,,6899
MSFT,INTC,Undirected,2881891,,33350
QCOM,INTC,Undirected,2881892,,7392
PCLN,INTC,Undirected,2881893,,1627
MS,INTC,Undirected,2881896,,358
JNJ,INTC,Undirected,2881897,,2577
TGT,INTC,Undirected,2881898,,510
SRPT,INTC,Undirected,2881902,,454
MRK,JNJ,Undirected,2881903,,16680
WMT,JNJ,Undirected,2881905,,2469
NVDA,JNJ,Undirected,2881906,,3217
PCLN,JNJ,Undirected,2881911,,566
MSFT,JNJ,Undirected,2881912,,8900
XOM,JNJ,Undirected,2881913,,2846
KO,JNJ,Undirected,2881916,,6736
SBUX,JNJ,Undirected,2881920,,2386
X,JNJ,Undirected,2881922,,189
T,JNJ,Undirected,2881925,,2509
MU,JNJ,Undirected,2881928,,842
SNAP,JNJ,Undirected,2881929,,922
TWTR,JNJ,Undirected,2881931,,3621
MS,JNJ,Undirected,2881933,,2522
TSLA,JNJ,Undirected,2881934,,2445
M,JNJ,Undirected,2881936,,379
WFC,JNJ,Undirected,2881938,,2131
TGT,JNJ,Undirected,2881939,,1187
QCOM,JNJ,Undirected,2881940,,2861
JPM,JNJ,Undirected,2881942,,3410
MCD,JNJ,Undirected,2881943,,3057
PEP,JNJ,Undirected,2881944,,4085
PFE,JNJ,Undirected,2881945,,8583
SRPT,JNJ,Undirected,2881947,,3194
V,JNJ,Undirected,2881948,,2524
VZ,JNJ,Undirected,2881949,,3098
NFLX,JNJ,Undirected,2881951,,3931
SRPT,JPM,Undirected,2881953,,239
X,JPM,Undirected,2881954,,1739
WFC,JPM,Undirected,2881957,,22588
MRK,JPM,Undirected,2881959,,4928
TGT,JPM,Undirected,2881965,,784
T,JPM,Undirected,2881966,,2184
NFLX,JPM,Undirected,2881967,,8709
MU,JPM,Undirected,2881970,,4089
TSLA,JPM,Undirected,2881972,,8270
SBUX,JPM,Undirected,2881973,,298
XOM,JPM,Undirected,2881976,,3069
SNAP,JPM,Undirected,2881978,,1739
VZ,JPM,Undirected,2881982,,1289
PFE,JPM,Undirected,2881983,,4499
MS,JPM,Undirected,2881984,,11179
TWTR,JPM,Undirected,2881985,,3833
MSFT,JPM,Undirected,2881986,,8213
NVDA,JPM,Undirected,2881989,,6298
KO,JPM,Undirected,2881990,,2142
WMT,JPM,Undirected,2881991,,2808
QCOM,JPM,Undirected,2881992,,805
M,JPM,Undirected,2881993,,459
PEP,JPM,Undirected,2881994,,1788
PCLN,JPM,Undirected,2881996,,1512
V,JPM,Undirected,2881998,,2554
MCD,JPM,Undirected,2882000,,2483
VZ,KO,Undirected,2882002,,1454
MU,KO,Undirected,2882003,,422
WMT,KO,Undirected,2882004,,2887
MS,KO,Undirected,2882006,,104
QCOM,KO,Undirected,2882007,,313
WFC,KO,Undirected,2882010,,2381
SBUX,KO,Undirected,2882011,,1491
TGT,KO,Undirected,2882013,,857
NVDA,KO,Undirected,2882014,,838
PFE,KO,Undirected,2882015,,1977
T,KO,Undirected,2882016,,2157
V,KO,Undirected,2882020,,1010
MRK,KO,Undirected,2882022,,5060
TWTR,KO,Undirected,2882024,,9839
SRPT,KO,Undirected,2882025,,804
SNAP,KO,Undirected,2882029,,1449
PCLN,KO,Undirected,2882030,,304
M,KO,Undirected,2882032,,693
X,KO,Undirected,2882034,,472
MCD,KO,Undirected,2882041,,3668
TSLA,KO,Undirected,2882042,,1966
PEP,KO,Undirected,2882043,,14781
MSFT,KO,Undirected,2882044,,5952
XOM,KO,Undirected,2882045,,2367
NFLX,KO,Undirected,2882048,,1513
NFLX,M,Undirected,2882053,,952
WMT,M,Undirected,2882055,,5623
T,M,Undirected,2882058,,1130
WFC,M,Undirected,2882060,,241
MS,M,Undirected,2882061,,301
TSLA,M,Undirected,2882062,,1860
TGT,M,Undirected,2882063,,5586
PEP,M,Undirected,2882066,,340
MRK,M,Undirected,2882069,,493
SRPT,M,Undirected,2882073,,57
PFE,M,Undirected,2882075,,348
QCOM,M,Undirected,2882077,,304
XOM,M,Undirected,2882078,,538
X,M,Undirected,2882079,,669
NVDA,M,Undirected,2882081,,2809
MCD,M,Undirected,2882082,,357
TWTR,M,Undirected,2882084,,762
PCLN,M,Undirected,2882085,,2848
SNAP,M,Undirected,2882088,,2114
SBUX,M,Undirected,2882089,,371
V,M,Undirected,2882090,,335
VZ,M,Undirected,2882091,,309
MU,M,Undirected,2882096,,657
MSFT,M,Undirected,2882097,,1085
TWTR,MCD,Undirected,2882100,,3877
SBUX,MCD,Undirected,2882106,,3787
WMT,MCD,Undirected,2882107,,2176
PFE,MCD,Undirected,2882108,,501
QCOM,MCD,Undirected,2882109,,644
VZ,MCD,Undirected,2882110,,853
PCLN,MCD,Undirected,2882116,,307
TGT,MCD,Undirected,2882120,,581
MRK,MCD,Undirected,2882122,,1239
X,MCD,Undirected,2882123,,1015
XOM,MCD,Undirected,2882124,,2026
T,MCD,Undirected,2882128,,2808
V,MCD,Undirected,2882130,,2137
MS,MCD,Undirected,2882133,,226
MU,MCD,Undirected,2882135,,232
TSLA,MCD,Undirected,2882137,,2307
PEP,MCD,Undirected,2882138,,1891
MSFT,MCD,Undirected,2882140,,5105
WFC,MCD,Undirected,2882141,,953
NFLX,MCD,Undirected,2882143,,2581
NVDA,MCD,Undirected,2882144,,1452
SNAP,MCD,Undirected,2882146,,454
SRPT,MCD,Undirected,2882147,,111
SBUX,MRK,Undirected,2882148,,157
VZ,MRK,Undirected,2882156,,1427
PEP,MRK,Undirected,2882157,,3830
SRPT,MRK,Undirected,2882158,,2597
X,MRK,Undirected,2882160,,112
PFE,MRK,Undirected,2882161,,16735
V,MRK,Undirected,2882165,,863
QCOM,MRK,Undirected,2882167,,135
NVDA,MRK,Undirected,2882170,,314
MU,MRK,Undirected,2882171,,2680
WMT,MRK,Undirected,2882175,,643
NFLX,MRK,Undirected,2882177,,1163
SNAP,MRK,Undirected,2882178,,894
PCLN,MRK,Undirected,2882181,,1479
T,MRK,Undirected,2882185,,1539
TGT,MRK,Undirected,2882187,,194
XOM,MRK,Undirected,2882188,,1251
MS,MRK,Undirected,2882189,,303
TWTR,MRK,Undirected,2882192,,4594
TSLA,MRK,Undirected,2882194,,1046
WFC,MRK,Undirected,2882195,,739
MSFT,MRK,Undirected,2882196,,5743
WFC,MS,Undirected,2882200,,5659
QCOM,MS,Undirected,2882201,,1407
PFE,MS,Undirected,2882203,,157
PCLN,MS,Undirected,2882207,,484
WMT,MS,Undirected,2882210,,441
NVDA,MS,Undirected,2882211,,2291
MSFT,MS,Undirected,2882213,,3269
T,MS,Undirected,2882221,,442
PEP,MS,Undirected,2882222,,106
MU,MS,Undirected,2882223,,848
NFLX,MS,Undirected,2882225,,4596
XOM,MS,Undirected,2882226,,336
VZ,MS,Undirected,2882230,,1119
SRPT,MS,Undirected,2882231,,225
SNAP,MS,Undirected,2882234,,509
TSLA,MS,Undirected,2882235,,4134
X,MS,Undirected,2882236,,532
SBUX,MS,Undirected,2882237,,194
TGT,MS,Undirected,2882239,,348
V,MS,Undirected,2882240,,1195
TWTR,MS,Undirected,2882242,,526
TWTR,MSFT,Undirected,2882247,,12870
QCOM,MSFT,Undirected,2882248,,4391
SNAP,MSFT,Undirected,2882251,,9474
NVDA,MSFT,Undirected,2882252,,26879
PEP,MSFT,Undirected,2882258,,3904
PFE,MSFT,Undirected,2882259,,4149
WFC,MSFT,Undirected,2882260,,2517
SBUX,MSFT,Undirected,2882262,,7839
XOM,MSFT,Undirected,2882265,,3960
MU,MSFT,Undirected,2882266,,6481
V,MSFT,Undirected,2882269,,3620
X,MSFT,Undirected,2882270,,1344
VZ,MSFT,Undirected,2882273,,4093
TGT,MSFT,Undirected,2882275,,1689
SRPT,MSFT,Undirected,2882278,,443
PCLN,MSFT,Undirected,2882281,,8475
WMT,MSFT,Undirected,2882284,,3827
NFLX,MSFT,Undirected,2882288,,21513
T,MSFT,Undirected,2882291,,5697
TSLA,MSFT,Undirected,2882294,,19726
V,MU,Undirected,2882295,,795
NFLX,MU,Undirected,2882297,,7866
TSLA,MU,Undirected,2882304,,6522
X,MU,Undirected,2882305,,1605
VZ,MU,Undirected,2882306,,419
SNAP,MU,Undirected,2882312,,1357
QCOM,MU,Undirected,2882313,,2584
SRPT,MU,Undirected,2882314,,126
NVDA,MU,Undirected,2882315,,13916
PFE,MU,Undirected,2882317,,2943
PCLN,MU,Undirected,2882319,,961
TWTR,MU,Undirected,2882320,,3012
XOM,MU,Undirected,2882327,,473
PEP,MU,Undirected,2882331,,148
WFC,MU,Undirected,2882332,,888
SBUX,MU,Undirected,2882336,,2558
T,MU,Undirected,2882338,,2704
TGT,MU,Undirected,2882340,,427
WMT,MU,Undirected,2882342,,596
WMT,NFLX,Undirected,2882344,,2976
X,NFLX,Undirected,2882346,,2324
VZ,NFLX,Undirected,2882352,,4941
NVDA,NFLX,Undirected,2882353,,36282
V,NFLX,Undirected,2882355,,2528
XOM,NFLX,Undirected,2882365,,2914
SRPT,NFLX,Undirected,2882366,,2247
T,NFLX,Undirected,2882367,,6594
SNAP,NFLX,Undirected,2882371,,10633
TSLA,NFLX,Undirected,2882372,,60116
TGT,NFLX,Undirected,2882373,,1311
PCLN,NFLX,Undirected,2882374,,20404
WFC,NFLX,Undirected,2882375,,2494
QCOM,NFLX,Undirected,2882378,,2590
TWTR,NFLX,Undirected,2882379,,16757
PEP,NFLX,Undirected,2882385,,1079
PFE,NFLX,Undirected,2882386,,1610
SBUX,NFLX,Undirected,2882392,,5781
WFC,NVDA,Undirected,2882395,,1952
SBUX,NVDA,Undirected,2882398,,5724
SRPT,NVDA,Undirected,2882400,,506
WMT,NVDA,Undirected,2882402,,4099
XOM,NVDA,Undirected,2882403,,1351
VZ,NVDA,Undirected,2882408,,1079
V,NVDA,Undirected,2882411,,2043
PFE,NVDA,Undirected,2882412,,683
PEP,NVDA,Undirected,2882414,,280
TGT,NVDA,Undirected,2882419,,1604
PCLN,NVDA,Undirected,2882422,,9235
T,NVDA,Undirected,2882430,,3045
X,NVDA,Undirected,2882431,,2372
SNAP,NVDA,Undirected,2882432,,16279
TWTR,NVDA,Undirected,2882437,,8569
TSLA,NVDA,Undirected,2882440,,55231
QCOM,NVDA,Undirected,2882441,,5377
PEP,PCLN,Undirected,2882445,,169
PFE,PCLN,Undirected,2882446,,879
SBUX,PCLN,Undirected,2882453,,1292
V,PCLN,Undirected,2882457,,530
TGT,PCLN,Undirected,2882460,,721
XOM,PCLN,Undirected,2882461,,434
TSLA,PCLN,Undirected,2882463,,9249
QCOM,PCLN,Undirected,2882464,,253
SNAP,PCLN,Undirected,2882466,,5563
X,PCLN,Undirected,2882474,,290
WFC,PCLN,Undirected,2882475,,202
T,PCLN,Undirected,2882480,,2044
VZ,PCLN,Undirected,2882483,,43
TWTR,PCLN,Undirected,2882484,,4054
WMT,PCLN,Undirected,2882486,,518
SRPT,PCLN,Undirected,2882488,,2108
V,PEP,Undirected,2882495,,397
SBUX,PEP,Undirected,2882496,,787
TGT,PEP,Undirected,2882501,,923
TWTR,PEP,Undirected,2882503,,7331
SRPT,PEP,Undirected,2882507,,684
XOM,PEP,Undirected,2882508,,796
X,PEP,Undirected,2882512,,422
PFE,PEP,Undirected,2882516,,659
QCOM,PEP,Undirected,2882518,,250
WMT,PEP,Undirected,2882528,,1683
TSLA,PEP,Undirected,2882530,,1583
SNAP,PEP,Undirected,2882531,,1503
T,PEP,Undirected,2882532,,1078
WFC,PEP,Undirected,2882533,,1194
VZ,PEP,Undirected,2882534,,730
WMT,PFE,Undirected,2882547,,782
TGT,PFE,Undirected,2882548,,319
WFC,PFE,Undirected,2882549,,1137
XOM,PFE,Undirected,2882551,,2840
VZ,PFE,Undirected,2882557,,1942
V,PFE,Undirected,2882561,,529
SNAP,PFE,Undirected,2882563,,735
SRPT,PFE,Undirected,2882564,,661
T,PFE,Undirected,2882566,,6685
SBUX,PFE,Undirected,2882574,,944
TSLA,PFE,Undirected,2882581,,3221
X,PFE,Undirected,2882584,,1387
TWTR,PFE,Undirected,2882587,,6452
QCOM,PFE,Undirected,2882588,,830
TSLA,QCOM,Undirected,2882594,,2473
X,QCOM,Undirected,2882596,,762
TGT,QCOM,Undirected,2882603,,548
TWTR,QCOM,Undirected,2882607,,3568
VZ,QCOM,Undirected,2882615,,2770
WMT,QCOM,Undirected,2882616,,675
XOM,QCOM,Undirected,2882618,,3650
SNAP,QCOM,Undirected,2882623,,481
WFC,QCOM,Undirected,2882624,,764
SRPT,QCOM,Undirected,2882629,,202
V,QCOM,Undirected,2882631,,1130
T,QCOM,Undirected,2882634,,1409
SBUX,QCOM,Undirected,2882636,,2562
X,SBUX,Undirected,2882638,,1572
SNAP,SBUX,Undirected,2882648,,3373
TGT,SBUX,Undirected,2882650,,430
VZ,SBUX,Undirected,2882653,,556
T,SBUX,Undirected,2882654,,1738
WMT,SBUX,Undirected,2882669,,548
SRPT,SBUX,Undirected,2882672,,206
V,SBUX,Undirected,2882675,,739
TSLA,SBUX,Undirected,2882677,,8471
XOM,SBUX,Undirected,2882679,,762
WFC,SBUX,Undirected,2882680,,181
TWTR,SBUX,Undirected,2882686,,2884
WFC,SNAP,Undirected,2882689,,1009
WMT,SNAP,Undirected,2882690,,583
SRPT,SNAP,Undirected,2882693,,5247
V,SNAP,Undirected,2882706,,211
T,SNAP,Undirected,2882707,,7391
XOM,SNAP,Undirected,2882710,,271
TWTR,SNAP,Undirected,2882712,,18130
X,SNAP,Undirected,2882714,,674
TSLA,SNAP,Undirected,2882725,,14970
TGT,SNAP,Undirected,2882728,,1511
VZ,SNAP,Undirected,2882735,,1406
XOM,SRPT,Undirected,2882738,,188
T,SRPT,Undirected,2882753,,788
TWTR,SRPT,Undirected,2882754,,2214
X,SRPT,Undirected,2882759,,115
V,SRPT,Undirected,2882768,,49
WMT,SRPT,Undirected,2882770,,78
TGT,SRPT,Undirected,2882773,,240
TSLA,SRPT,Undirected,2882776,,2778
VZ,SRPT,Undirected,2882782,,863
WFC,SRPT,Undirected,2882783,,66
WFC,T,Undirected,2882793,,2107
TSLA,T,Undirected,2882798,,7868
WMT,T,Undirected,2882809,,3063
XOM,T,Undirected,2882814,,2012
VZ,T,Undirected,2882818,,18782
V,T,Undirected,2882819,,1201
TGT,T,Undirected,2882820,,1283
TWTR,T,Undirected,2882823,,10042
X,T,Undirected,2882826,,2781
X,TGT,Undirected,2882835,,315
VZ,TGT,Undirected,2882844,,523
WFC,TGT,Undirected,2882853,,930
WMT,TGT,Undirected,2882865,,21505
V,TGT,Undirected,2882866,,387
XOM,TGT,Undirected,2882868,,905
TSLA,TGT,Undirected,2882869,,3440
TWTR,TGT,Undirected,2882877,,1478
WFC,TSLA,Undirected,2882891,,3269
XOM,TSLA,Undirected,2882892,,2659
WMT,TSLA,Undirected,2882898,,9150
VZ,TSLA,Undirected,2882900,,2426
V,TSLA,Undirected,2882910,,1919
X,TSLA,Undirected,2882921,,4505
TWTR,TSLA,Undirected,2882924,,22972
X,TWTR,Undirected,2882941,,3317
WFC,TWTR,Undirected,2882952,,1271
VZ,TWTR,Undirected,2882956,,1676
XOM,TWTR,Undirected,2882965,,4525
WMT,TWTR,Undirected,2882967,,2438
V,TWTR,Undirected,2882970,,1399
X,V,Undirected,2882982,,718
WMT,V,Undirected,2882983,,1334
XOM,V,Undirected,2882994,,1289
VZ,V,Undirected,2883000,,1334
WFC,V,Undirected,2883003,,1394
WFC,VZ,Undirected,2883039,,917
XOM,VZ,Undirected,2883058,,3233
WMT,VZ,Undirected,2883060,,1793
X,VZ,Undirected,2883063,,358
X,WFC,Undirected,2883091,,1396
XOM,WFC,Undirected,2883113,,2183
WMT,WFC,Undirected,2883125,,2113
X,WMT,Undirected,2883144,,317
XOM,WMT,Undirected,2883148,,3504
XOM,X,Undirected,2883223,,1312
