0,2017-09-05 10:39:22,0.1,0.2,905017505890144256,Unnamed: 5,Fjarde AP Fonden Fourth Swedish National Pension Fund Has $1.68 Million Stake in Garmin Ltd. $GRMN https://t.co/ty0QZKya1E,Unnamed: 7,905017505890144256.1,0.3,Unnamed: 10,Unnamed: 11,0.4,Unnamed: 13,C,MidEast Times,D,0.5,h,Florida,2013-12-28 20:16:47,2266388972,0.6,1,0.7,https://t.co/96UA5i1Zwk,0.8,-25200,2147483647,True,116,0.9,en,3,1639,Pacific Time (US & Canada),0.10,0.11,C.1,0.12,MidEast Times reports the business news of the day along with relevant finance news,55,http://abs.twimg.com/images/themes/theme1/bg.png,439790,midetimes,0.13,Unnamed: 46,IFTTT,Unnamed: 48,0.14,0.15,"$GRMN",\N,$GRMN,2017-09-05 06:39:22,GRMN,2013-12-28 15:16:47,3.1,9,2017,,17,122,GRMN.1,1.1,Fjarde AP Fonden Fourth Swedish National Pension Fund Has $1.68 Million Stake in Garmin Ltd. $GRMN https://t.co/ty0QZKya1E.1
0,2017-05-11 08:12:53,0,0,862581263290568706,,"RT @2morrowknight: Use #Facebook to amplify your #content.\
\
$FB #socialmedia RT @VagabondCEO @LScarpa22 @magjov https://t.co/lm15FpUd0u",,862581263290568706,9,,,0,,0,Magdalena Joveska,B,0,h,Macedonia,2009-11-15 11:07:46,90142350,0,5,399,http://t.co/ZvROlGji58,0,7200,90142350,True,57,0,en,4,4122,Skopje,0,0,F,0,"Marketing, blogging, mysteries, design, languages, science, animals, music, dance, cooking and perfection.",2115,http://pbs.twimg.com/profile_background_images/378800000109211895/f7124384892d5ca66319bd7e1111705c.jpeg,7238,magjov,0,,Twitter for Android,,0,0,"$FB",\N,$FB,2017-05-11 04:12:53,FB,2009-11-15 06:07:46,2,5,2017,,14,135,FB,2,"RT @2morrowknight: Use #Facebook to amplify your #content.\
\
$FB #socialmedia RT @VagabondCEO @LScarpa22 @magjov https://t.co/lm15FpUd0u"
0,2017-12-11 19:43:50,0,0,940306150398087168,,$SNSS volume spike ,,940306150398087168,0,,,0,,C,Elevate Trader,D,0,h,,2017-01-09 20:01:11,818548189724807168,0,1,1,https://t.co/uYG41Zus3z,0,0,2147483647,True,2,0,en,3,82,,0,0,F,0,Don't be a pawn in someone else's position. At Elevate Trader we always alert our community first! Do your own due diligence!,26,,315,Elevate_Trader,0,,StockTwits Web,,0,0,"$SNSS",\N,$SNSS,2017-12-11 14:43:50,SNSS,2017-01-09 15:01:11,4,12,2017,,4,19,SNSS,4,$SNSS volume spike 
0,2017-09-05 10:39:23,0,0,905017509870522368,,"Fjarde AP Fonden Fourth Swedish National Pension Fund Has $1.83 Million Holdings in Vmware, Inc. $VMW https://t.co/h7ORT36Ucl",,905017509870522368,0,,,0,,C,MidEast Times,D,0,h,Florida,2013-12-28 20:16:47,2266388972,0,1,0,https://t.co/96UA5i1Zwk,0,-25200,2147483647,True,116,0,en,3,1638,Pacific Time (US & Canada),0,0,C,0,MidEast Times reports the business news of the day along with relevant finance news,55,http://abs.twimg.com/images/themes/theme1/bg.png,439979,midetimes,0,,IFTTT,,0,0,"$VMW",\N,$VMW,2017-09-05 06:39:23,VMW,2013-12-28 15:16:47,3,9,2017,,17,125,VMW,5,"Fjarde AP Fonden Fourth Swedish National Pension Fund Has $1.83 Million Holdings in Vmware, Inc. $VMW https://t.co/h7ORT36Ucl"
0,2017-05-11 08:12:54,0,0,862581267103133697,,RT @sprtcrdlui: $AMLH Sits on Top of 15 Talked About Stocks $ELED $ASTI $BVTK $S $DBMM $DOLV $USRM $ICNB $OWCP $LAGBF $MMEX $MMHC $MRIB $NH…,,862581267103133697,118,,,0,,C,Charleen,D,0,h,Raleigh,2017-03-02 09:17:53,837230467770380288,0,1,31,,0,0,2147483647,True,1,0,en,3,120,,0,0,F,0,Making money investing. Ehpl. imat arppdei sndi eht ebm-i81,12,,398,mesrop89ki,0,,Twitter Web Client,,0,0,"$ASTI",\N,$ASTI,2017-05-11 04:12:54,ASTI,2017-03-02 04:17:53,2,5,2017,,25,140,ASTI,6,RT @sprtcrdlui: $AMLH Sits on Top of 15 Talked About Stocks $ELED $ASTI $BVTK $S $DBMM $DOLV $USRM $ICNB $OWCP $LAGBF $MMEX $MMHC $MRIB $NH…
0,2017-09-05 10:39:23,0,0,905017511028166657,,RT @NEOnewstoday: China gov aims to become the global leader in blockchain. Translation of article released 7am today in China. https://t.c…,,905017511028166657,199,,,0,,C,Crypto_CNBC,D,0,h,,2017-09-04 19:44:37,904792333950099459,0,1,70,,0,0,2147483647,True,0,0,en,3,23,,0,0,F,0,the CNBC for all things crypto,136,,70,cryptoCNBC,0,,Twitter for iPhone,,0,0,"$NEO",\N,$NEO,2017-09-05 06:39:23,NEO,2017-09-04 15:44:37,3,9,2017,,21,140,NEO,7,RT @NEOnewstoday: China gov aims to become the global leader in blockchain. Translation of article released 7am today in China. https://t.c…
0,2017-12-11 19:43:52,0,0,940306156949471233,,"Happy to see the positive \correction\"" in $CLSD. Anybody have an idea what is behind the huge move on no news?""",,940306156949471233,2,,,0,,A,Keith Abrams,C,0,h,"Birmingham, AL",2013-08-30 19:59:49,1713609026,0,0,348,,0,-21600,1713609026,True,19,0,en,3,898,Central Time (US & Canada),0,0,0,0,"Clinical psychologist, sex therapist, long-time biotech investor w focus on small-cap companies. Horse racing degenerate. Happy husband and father of 4.",127,http://abs.twimg.com/images/themes/theme15/bg.png,2841,DeepSouthDoctor,0,,Twitter Web Client,,0,1,"$CLSD",\N,$CLSD,2017-12-11 14:43:52,CLSD,2013-08-30 15:59:49,4,12,2017,,21,110,CLSD,9,"Happy to see the positive \correction\"" in $CLSD. Anybody have an idea what is behind the huge move on no news?"""
0,2017-05-11 08:12:54,0,0,862581267103133697,,RT @sprtcrdlui: $AMLH Sits on Top of 15 Talked About Stocks $ELED $ASTI $BVTK $S $DBMM $DOLV $USRM $ICNB $OWCP $LAGBF $MMEX $MMHC $MRIB $NH…,,862581267103133697,131,,,0,,C,Charleen,D,0,h,Raleigh,2017-03-02 09:17:53,837230467770380288,0,1,31,,0,0,2147483647,True,1,0,en,3,120,,0,0,F,0,Making money investing. Ehpl. imat arppdei sndi eht ebm-i81,12,,401,mesrop89ki,0,,Twitter Web Client,,0,0,"$S",\N,$S,2017-05-11 04:12:54,S,2017-03-02 04:17:53,2,5,2017,,25,140,S,10,RT @sprtcrdlui: $AMLH Sits on Top of 15 Talked About Stocks $ELED $ASTI $BVTK $S $DBMM $DOLV $USRM $ICNB $OWCP $LAGBF $MMEX $MMHC $MRIB $NH…
0,2017-09-05 10:39:24,0,0,905017513788006401,,"Andra AP fonden Has $1.94 Million Position in Advanced Micro Devices, Inc. $AMD https://t.co/xT1yXmEWO8",,905017513788006401,0,,,0,,C,MidEast Times,D,0,h,Florida,2013-12-28 20:16:47,2266388972,0,1,0,https://t.co/96UA5i1Zwk,0,-25200,2147483647,True,116,0,en,3,1640,Pacific Time (US & Canada),0,0,C,0,MidEast Times reports the business news of the day along with relevant finance news,55,http://abs.twimg.com/images/themes/theme1/bg.png,439380,midetimes,0,,IFTTT,,0,0,"$AMD",\N,$AMD,2017-09-05 06:39:24,AMD,2013-12-28 15:16:47,3,9,2017,,14,103,AMD,11,"Andra AP fonden Has $1.94 Million Position in Advanced Micro Devices, Inc. $AMD https://t.co/xT1yXmEWO8"
0,2017-12-11 19:43:53,0,0,940306161999458309,,RT @TheBubbleBubble: Emerging market corporate borrowing has exploded in the past decade due to ultra-low interest rates. That's the reason…,,940306161999458309,15,,,0,,C,365Investing,D,0,h,,2017-09-11 21:24:50,907354268780425217,0,1,3,,0,-28800,2147483647,True,0,0,es,3,147,Pacific Time (US & Canada),0,0,F,0,"Stock Market and Financial News, Investing Ideas and Analysis. Tweets are not investment advice.",364,,803,365Investing,0,,Twitter Web Client 365,,0,0,"$EEM",\N,$EEM,2017-12-11 14:43:53,EEM,2017-09-11 17:24:50,4,12,2017,,20,140,EEM,13,RT @TheBubbleBubble: Emerging market corporate borrowing has exploded in the past decade due to ultra-low interest rates. That's the reason…
0,2017-09-05 10:39:25,0,0,905017517609021441,,Andra AP fonden Takes Position in Zions Bancorporation $ZION https://t.co/cukn51noiO,,905017517609021441,0,,,0,,C,MidEast Times,D,0,h,Florida,2013-12-28 20:16:47,2266388972,0,1,0,https://t.co/96UA5i1Zwk,0,-25200,2147483647,True,116,0,en,3,1638,Pacific Time (US & Canada),0,0,C,0,MidEast Times reports the business news of the day along with relevant finance news,55,http://abs.twimg.com/images/themes/theme1/bg.png,440022,midetimes,0,,IFTTT,,0,0,"$ZION",\N,$ZION,2017-09-05 06:39:25,ZION,2013-12-28 15:16:47,3,9,2017,,10,84,ZION,14,Andra AP fonden Takes Position in Zions Bancorporation $ZION https://t.co/cukn51noiO
0,2017-09-05 10:39:25,0,0,905017520247238656,,"$MPC ALERT: Marathon Petroleum Corporation SEC Filing\
From our Stock News Alerts App",,905017520247238656,0,,,0,,C,$Stocknewsalerts,D,0,h,,2014-02-22 15:38:57,2356524462,0,0,0,https://t.co/PQSytGvcf6,0,0,2147483647,True,210,0,en,3,2012,,0,0,C,0,"Stock news alerts from press releases and SEC filings\
Find the custom app in the appstore at Stock News Alerts by Pocket Information LLC",10,http://abs.twimg.com/images/themes/theme1/bg.png,589586,Allstocknews,0,,Stock News Alerts,,0,0,"$MPC",\N,$MPC,2017-09-05 06:39:25,MPC,2014-02-22 10:38:57,3,9,2017,,12,84,MPC,15,"$MPC ALERT: Marathon Petroleum Corporation SEC Filing\
From our Stock News Alerts App"
0,2017-12-11 19:43:54,0,0,940306165807943680,,"Arbor Wealth Management LLC Raises Stake in EnviroStar, Inc. $EVI https://t.co/flK4UKiLwY",,940306165807943680,0,,,0,,C,The Markets Daily,D,0,h,,2017-04-05 00:25:40,849417718642159616,0,1,0,,0,0,2147483647,True,12,0,en,3,406,,0,0,F,0,,14,,254441,TheMarketsDaily,0,,Zapier.com,,0,0,"$EVI",\N,$EVI,2017-12-11 14:43:54,EVI,2017-04-04 20:25:40,4,12,2017,,11,89,EVI,16,"Arbor Wealth Management LLC Raises Stake in EnviroStar, Inc. $EVI https://t.co/flK4UKiLwY"
0,2017-09-05 10:39:35,0,0,905017561208635394,,$tw_user_list/30$,,905017561208635394,0,,,0,,C,みち,D,0,h,,2011-12-18 01:08:07,439630782,0,1,0,,0,0,439630782,True,1,0,ja,3,54,,0,0,C,0,,389,http://abs.twimg.com/images/themes/theme1/bg.png,32987,Akosuah9tg,0,,twittbot.net,,0,0,"$TW",\N,$TW,2017-09-05 06:39:35,TW,2011-12-17 20:08:07,3,9,2017,,1,17,TW,17,$tw_user_list/30$
0,2017-12-11 19:43:55,0,0,940306169674989571,,Russell Investments Group Ltd. Has $6 Million Position in Northern Dynasty Minerals Ltd. $NAK https://t.co/r1FpvaotP0,,940306169674989571,0,,,0,,C,The Markets Daily,D,0,h,,2017-04-05 00:25:40,849417718642159616,0,1,0,,0,0,2147483647,True,12,0,en,3,406,,0,0,F,0,,14,,254554,TheMarketsDaily,0,,Zapier.com,,0,1,"$NAK",\N,$NAK,2017-12-11 14:43:55,NAK,2017-04-04 20:25:40,4,12,2017,,15,117,NAK,18,Russell Investments Group Ltd. Has $6 Million Position in Northern Dynasty Minerals Ltd. $NAK https://t.co/r1FpvaotP0
0,2017-05-11 08:12:56,0,0,862581274829041664,,"IMO, I'd like to see $AAPL buy both $NFLX and Hulu. The dream would be if they then bought $TSLA as well. Could you imagine? Wow...",,862581274829041664,0,,,0,,C,Kyan J Young,D,0,h,"Montana, USA",2017-03-22 15:55:34,844578305810550784,0,1,4,,0,0,2147483647,True,4,0,en,3,1236,,0,0,F,0,Stocks Trade Specialist,2739,,644,KyanJYoung,0,,Twitter Web Client,,0,0,"$AAPL",\N,$AAPL,2017-05-11 04:12:56,AAPL,2017-03-22 11:55:34,2,5,2017,,26,131,AAPL,19,"IMO, I'd like to see $AAPL buy both $NFLX and Hulu. The dream would be if they then bought $TSLA as well. Could you imagine? Wow..."
0,2017-09-05 10:39:35,0,0,905017561468862464,,RT @CryptWhale: $KMD price will explode,,905017561468862464,49,,,0,,C,Crypto_CNBC,D,0,h,,2017-09-04 19:44:37,904792333950099459,0,1,64,,0,0,2147483647,True,0,0,en,3,23,,0,0,F,0,the CNBC for all things crypto,135,,67,cryptoCNBC,0,,Twitter for iPhone,,0,0,"$BCC",\N,$BCC,2017-09-05 06:39:35,BCC,2017-09-04 15:44:37,3,9,2017,,6,39,BCC,21,RT @CryptWhale: $KMD price will explode
0,2017-12-11 19:43:56,0,0,940306174322335745,,WestRock Co $WRK Shares Bought by Patten Group Inc. https://t.co/xnWIMZQv9a,,940306174322335745,0,,,0,,C,The Markets Daily,D,0,h,,2017-04-05 00:25:40,849417718642159616,0,1,0,,0,0,2147483647,True,12,0,en,3,405,,0,0,F,0,,14,,254475,TheMarketsDaily,0,,Zapier.com,,0,0,"$WRK",\N,$WRK,2017-12-11 14:43:56,WRK,2017-04-04 20:25:40,4,12,2017,,10,75,WRK,22,WestRock Co $WRK Shares Bought by Patten Group Inc. https://t.co/xnWIMZQv9a
0,2017-09-05 10:39:35,0,0,905017561468862464,,RT @CryptWhale: $KMD price will explode,,905017561468862464,50,,,0,,C,Crypto_CNBC,D,0,h,,2017-09-04 19:44:37,904792333950099459,0,1,81,,0,0,2147483647,True,0,0,en,3,22,,0,0,F,0,the CNBC for all things crypto,140,,79,cryptoCNBC,0,,Twitter for iPhone,,0,0,"$BCH",\N,$BCH,2017-09-05 06:39:35,BCH,2017-09-04 15:44:37,3,9,2017,,6,39,BCH,23,RT @CryptWhale: $KMD price will explode
0,2017-05-11 08:12:56,0,0,862581274829041664,,"IMO, I'd like to see $AAPL buy both $NFLX and Hulu. The dream would be if they then bought $TSLA as well. Could you imagine? Wow...",,862581274829041664,0,,,0,,C,Kyan J Young,D,0,h,"Montana, USA",2017-03-22 15:55:34,844578305810550784,0,1,4,,0,0,2147483647,True,4,0,en,3,1247,,0,0,F,0,Stocks Trade Specialist,2739,,644,KyanJYoung,0,,Twitter Web Client,,0,0,"$NFLX",\N,$NFLX,2017-05-11 04:12:56,NFLX,2017-03-22 11:55:34,2,5,2017,,26,131,NFLX,24,"IMO, I'd like to see $AAPL buy both $NFLX and Hulu. The dream would be if they then bought $TSLA as well. Could you imagine? Wow..."
0,2017-09-05 10:39:35,0,0,905017561468862464,,RT @CryptWhale: $KMD price will explode,,905017561468862464,50,,,0,,C,Crypto_CNBC,D,0,h,,2017-09-04 19:44:37,904792333950099459,0,1,81,,0,0,2147483647,True,0,0,en,3,22,,0,0,F,0,the CNBC for all things crypto,140,,79,cryptoCNBC,0,,Twitter for iPhone,,0,0,"$ETH",\N,$ETH,2017-09-05 06:39:35,ETH,2017-09-04 15:44:37,3,9,2017,,6,39,ETH,26,RT @CryptWhale: $KMD price will explode
0,2017-05-11 08:12:56,0,0,862581274829041664,,"IMO, I'd like to see $AAPL buy both $NFLX and Hulu. The dream would be if they then bought $TSLA as well. Could you imagine? Wow...",,862581274829041664,0,,,0,,C,Kyan J Young,D,0,h,"Montana, USA",2017-03-22 15:55:34,844578305810550784,0,1,4,,0,0,2147483647,True,4,0,en,3,1273,,0,0,F,0,Stocks Trade Specialist,2740,,644,KyanJYoung,0,,Twitter Web Client,,0,0,"$TSLA",\N,$TSLA,2017-05-11 04:12:56,TSLA,2017-03-22 11:55:34,2,5,2017,,26,131,TSLA,27,"IMO, I'd like to see $AAPL buy both $NFLX and Hulu. The dream would be if they then bought $TSLA as well. Could you imagine? Wow..."
0,2017-12-11 19:43:57,0,0,940306176138498053,,"The \back of the envelope\"" valuation analysis for $MSG is kinda amazing in this assets prices environment. And you get to own the Knicks!""",,940306176138498053,0,,,0,,C,Omri Velvart,D,0,h,Tel Aviv,2015-11-10 21:54:47,4159385567,0,1,1840,,0,0,2147483647,True,9,0,en,3,181,,0,0,C,0,"Value Investor, living in Tel Aviv, Israel | Managing Partner at Legacy Value Partners L.P | A Sports Fan.",214,http://abs.twimg.com/images/themes/theme1/bg.png,1874,Omrivelvart,0,,Twitter Web Client,,0,0,"$MSG",\N,$MSG,2017-12-11 14:43:57,MSG,2015-11-10 16:54:47,4,12,2017,,24,137,MSG,28,"The \back of the envelope\"" valuation analysis for $MSG is kinda amazing in this assets prices environment. And you get to own the Knicks!"""
0,2017-09-05 10:39:35,0,0,905017561468862464,,RT @CryptWhale: $KMD price will explode,,905017561468862464,51,,,0,,C,Crypto_CNBC,D,0,h,,2017-09-04 19:44:37,904792333950099459,0,1,86,,0,0,2147483647,True,1,0,en,3,28,,0,0,F,0,the CNBC for all things crypto,147,,93,cryptoCNBC,0,,Twitter for iPhone,,0,0,"$LTC",\N,$LTC,2017-09-05 06:39:35,LTC,2017-09-04 15:44:37,3,9,2017,,6,39,LTC,30,RT @CryptWhale: $KMD price will explode
0,2017-05-11 08:12:59,0,0,862581288322174977,,"RT @aaaamhim: $ELED CAN BREAK. 05 TODAY, whenever we want https://t.co/UwCCAwyofK ",,862581288322174977,176,,,0,,C,Xylina,D,0,h,Arlington,2017-02-04 09:14:12,827807459112792064,0,1,32,,0,0,2147483647,True,0,0,en,3,114,,0,0,F,0,Mayne's law: nobody notices the big errors. Making money day trading.,21,,387,iGd7YYqW1107CEY,0,,Twitter Web Client,,0,0,"$ASTI",\N,$ASTI,2017-05-11 04:12:59,ASTI,2017-02-04 04:14:12,2,5,2017,,12,82,ASTI,31,"RT @aaaamhim: $ELED CAN BREAK. 05 TODAY, whenever we want https://t.co/UwCCAwyofK "
0,2017-12-11 19:43:57,0,0,940306178365632513,,"Pinebridge Investments L.P. Has $642,000 Holdings in Yum! Brands, Inc. $YUM https://t.co/Yj4prZCqRp",,940306178365632513,0,,,0,,C,The Markets Daily,D,0,h,,2017-04-05 00:25:40,849417718642159616,0,1,0,,0,0,2147483647,True,12,0,en,3,405,,0,0,F,0,,14,,254478,TheMarketsDaily,0,,Zapier.com,,0,0,"$YUM",\N,$YUM,2017-12-11 14:43:57,YUM,2017-04-04 20:25:40,4,12,2017,,12,99,YUM,32,"Pinebridge Investments L.P. Has $642,000 Holdings in Yum! Brands, Inc. $YUM https://t.co/Yj4prZCqRp"
0,2017-09-05 10:39:35,0,0,905017561468862464,,RT @CryptWhale: $KMD price will explode,,905017561468862464,49,,,0,,C,Crypto_CNBC,D,0,h,,2017-09-04 19:44:37,904792333950099459,0,1,70,,0,0,2147483647,True,0,0,en,3,23,,0,0,F,0,the CNBC for all things crypto,136,,70,cryptoCNBC,0,,Twitter for iPhone,,0,0,"$NEO",\N,$NEO,2017-09-05 06:39:35,NEO,2017-09-04 15:44:37,3,9,2017,,6,39,NEO,34,RT @CryptWhale: $KMD price will explode
0,2017-09-05 10:39:35,0,0,905017561468862464,,RT @CryptWhale: $KMD price will explode,,905017561468862464,50,,,0,,C,Crypto_CNBC,D,0,h,,2017-09-04 19:44:37,904792333950099459,0,1,72,,0,0,2147483647,True,0,0,en,3,23,,0,0,F,0,the CNBC for all things crypto,137,,74,cryptoCNBC,0,,Twitter for iPhone,,0,0,"$OMG",\N,$OMG,2017-09-05 06:39:35,OMG,2017-09-04 15:44:37,3,9,2017,,6,39,OMG,35,RT @CryptWhale: $KMD price will explode
0,2017-05-11 08:12:59,0,0,862581288322174977,,"RT @aaaamhim: $ELED CAN BREAK. 05 TODAY, whenever we want https://t.co/UwCCAwyofK ",,862581288322174977,178,,,0,,C,Xylina,D,0,h,Arlington,2017-02-04 09:14:12,827807459112792064,0,1,32,,0,0,2147483647,True,0,0,en,3,114,,0,0,F,0,Mayne's law: nobody notices the big errors. Making money day trading.,21,,391,iGd7YYqW1107CEY,0,,Twitter Web Client,,0,0,"$NXTD",\N,$NXTD,2017-05-11 04:12:59,NXTD,2017-02-04 04:14:12,2,5,2017,,12,82,NXTD,36,"RT @aaaamhim: $ELED CAN BREAK. 05 TODAY, whenever we want https://t.co/UwCCAwyofK "
0,2017-12-11 19:43:59,0,0,940306185571459072,,RT @Lazard: Alexandra Deignan joins Lazard as Head of Investor Relations $LAZ https://t.co/N8nfseldH2,,940306185571459072,4,,,0,,C,Jean-Marie Combes,D,0,h,,2016-04-18 12:41:20,722042329188679680,0,1,303,,0,0,2147483647,True,9,0,en,3,46,,0,0,F,0,Directeur Gestion Privée Lazard. Ceci est un profil personnel : mes tweets n'engagent que moi.,155,,521,jeanmariecombes,0,,Twitter for iPhone,,0,0,"$LAZ",\N,$LAZ,2017-12-11 14:43:59,LAZ,2016-04-18 08:41:20,4,12,2017,,13,101,LAZ,37,RT @Lazard: Alexandra Deignan joins Lazard as Head of Investor Relations $LAZ https://t.co/N8nfseldH2
0,2017-09-05 10:39:35,0,0,905017561468862464,,RT @CryptWhale: $KMD price will explode,,905017561468862464,50,,,0,,C,Crypto_CNBC,D,0,h,,2017-09-04 19:44:37,904792333950099459,0,1,81,,0,0,2147483647,True,0,0,en,3,22,,0,0,F,0,the CNBC for all things crypto,140,,79,cryptoCNBC,0,,Twitter for iPhone,,0,0,"$SGB",\N,$SGB,2017-09-05 06:39:35,SGB,2017-09-04 15:44:37,3,9,2017,,6,39,SGB,39,RT @CryptWhale: $KMD price will explode
0,2017-12-11 19:43:59,0,0,940306186477428737,,$TVIX for a PM ride....? Are you in?,,940306186477428737,1,,,0,,0,Luke-G,0,0,h,Canada,2010-01-10 23:39:51,103697853,0,3,774,,0,-18000,103697853,False,13,0,en,0,392,Eastern Time (US & Canada),0,0,0,0,TSX-NYSE. Toronto-New-York.  My radar. My Sources.  My thoughts. Just another trade Ideas source Lives for your trade. Out-of-box thinking.,393,http://abs.twimg.com/images/themes/theme1/bg.png,23,Bou_Yah,0,,Twitter Web Client,,0,2,"$TVIX",\N,$TVIX,2017-12-11 14:43:59,TVIX,2010-01-10 18:39:51,4,12,2017,,8,36,TVIX,40,$TVIX for a PM ride....? Are you in?
0,2017-05-11 08:13:01,0,0,862581297511714817,,"RT @SmCapMarketPl: $ASTI Up +60.00% Trading $648,739 Dollars\
$GIGL $MYDX $TTCM $OPMZ $CHRO $NWBO $HHSE $PKGM $DOLV  $DTII $MYDX $NTFU $BVTK",,862581297511714817,143,,,0,,C,Annice,D,0,h,Sacramento,2017-04-05 00:36:04,849420336655470592,0,1,4,,0,0,2147483647,True,0,0,en,3,1,,0,0,F,0,Investing day trading. Mcdonald's corollary to murphy's law: in any given set of circumstances,25,,59,5csQp5xMAQlVVLo,0,,Twitter Web Client,,0,0,"$ASTI",\N,$ASTI,2017-05-11 04:13:01,ASTI,2017-04-04 20:36:04,2,5,2017,,21,139,ASTI,42,"RT @SmCapMarketPl: $ASTI Up +60.00% Trading $648,739 Dollars\
$GIGL $MYDX $TTCM $OPMZ $CHRO $NWBO $HHSE $PKGM $DOLV  $DTII $MYDX $NTFU $BVTK"
0,2017-09-05 10:39:40,0,0,905017580355809280,,"RT @RALPHYLONDON: \The $auce Ain't For $ale\"" .. 9/15 https://t.co/J5d1075wcj""",,905017580355809280,13,,,0,,F,C.Heard,E,0,h,☁️,2011-03-28 17:40:30,273534532,0,0,45973,https://t.co/x9uBqO5P7i,0,-10800,273534532,True,43,0,en,3,3320,Atlantic Time (Canada),0,0,1,0,never not working. @TheDoobers #SeeHeard #doober,1255,http://pbs.twimg.com/profile_background_images/517508277454643200/cSC0sEPj.jpeg,225260,seeheard,0,,Twitter for iPad,,0,0,"$ALE",\N,$ALE,2017-09-05 06:39:40,ALE,2011-03-28 13:40:30,3,9,2017,,10,76,ALE,43,"RT @RALPHYLONDON: \The $auce Ain't For $ale\"" .. 9/15 https://t.co/J5d1075wcj"""
0,2017-09-05 10:39:43,0,0,905017595673358336,,RT @KingBull14: ,,905017595673358336,415,,,0,,C,Eric,D,0,h,,2013-02-03 19:47:35,1146071197,0,1,3,,0,0,1146071197,True,0,0,en,3,0,,0,0,C,0,,303,http://abs.twimg.com/images/themes/theme1/bg.png,7,EricHokie12,0,,Twitter for iPhone,,0,0,"$ALTS",\N,$ALTS,2017-09-05 06:39:43,ALTS,2013-02-03 14:47:35,3,9,2017,,3,16,ALTS,44,RT @KingBull14: 
0,2017-12-11 19:44:00,0,0,940306190445068288,,$SNSS on scans,,940306190445068288,0,,,0,,A,madaz,C,0,h,"Los Angeles, CA",2012-04-29 04:10:07,565969885,0,0,1710,https://t.co/VxnYba4pRS,0,-28800,565969885,True,351,0,en,3,13938,Pacific Time (US & Canada),0,0,0,0,Retired Structural Engineer. Hedonist. Full Time Day Trader w/ 6 Yrs Experience. IG:madazlifestyle SC:madaz_lifestyle #stocks #trading #daytrading,463,http://abs.twimg.com/images/themes/theme15/bg.png,25205,madaznfootballr,0,,TweetDeck,,0,1,"$SNSS",\N,$SNSS,2017-12-11 14:44:00,SNSS,2012-04-29 00:10:07,4,12,2017,,3,14,SNSS,45,$SNSS on scans
0,2017-05-11 08:13:01,0,0,862581297511714817,,"RT @SmCapMarketPl: $ASTI Up +60.00% Trading $648,739 Dollars\
$GIGL $MYDX $TTCM $OPMZ $CHRO $NWBO $HHSE $PKGM $DOLV  $DTII $MYDX $NTFU $BVTK",,862581297511714817,144,,,0,,C,Annice,D,0,h,Sacramento,2017-04-05 00:36:04,849420336655470592,0,1,4,,0,0,2147483647,True,0,0,en,3,1,,0,0,F,0,Investing day trading. Mcdonald's corollary to murphy's law: in any given set of circumstances,25,,60,5csQp5xMAQlVVLo,0,,Twitter Web Client,,0,0,"$NWBO",\N,$NWBO,2017-05-11 04:13:01,NWBO,2017-04-04 20:36:04,2,5,2017,,21,139,NWBO,46,"RT @SmCapMarketPl: $ASTI Up +60.00% Trading $648,739 Dollars\
$GIGL $MYDX $TTCM $OPMZ $CHRO $NWBO $HHSE $PKGM $DOLV  $DTII $MYDX $NTFU $BVTK"
0,2017-09-05 10:39:44,0,0,905017597720068096,,$tw_user_list/31$,,905017597720068096,0,,,0,,C,真優,D,0,h,,2011-12-20 05:44:03,441540263,0,1,0,,0,0,441540263,True,0,0,ja,3,35,,0,0,C,0,,386,http://abs.twimg.com/images/themes/theme1/bg.png,33077,69cumeasu,0,,twittbot.net,,0,0,"$TW",\N,$TW,2017-09-05 06:39:44,TW,2011-12-20 00:44:03,3,9,2017,,1,17,TW,48,$tw_user_list/31$
0,2017-12-11 19:44:00,0,0,940306192114610182,,RT @DiaryofaMadeMan: What's been your best ICO investment in the last month? $BTC $ETH,,940306192114610182,191,,,0,,C,Steven Abraham,D,0,h,"Москва, Россия",2014-08-08 09:09:39,2737071713,0,0,1855,,0,-28800,2147483647,True,2,0,ru,3,1020,Pacific Time (US & Canada),0,0,C,0,,958,http://pbs.twimg.com/profile_background_images/515890000995442689/tgIwYvF0.jpeg,5883,dufazyFi,0,,Twitter Web Client,,0,0,"$ETH",\N,$ETH,2017-12-11 14:44:00,ETH,2014-08-08 05:09:39,4,12,2017,,14,86,ETH,49,RT @DiaryofaMadeMan: What's been your best ICO investment in the last month? $BTC $ETH
0,2017-05-11 08:13:06,0,0,862581314935029761,,"$ISP - BORSA: Ftse Mib +0,26%, Unicredit in luce https://t.co/8LjAU0rLVZ",,862581314935029761,0,,,0,,0,mau,0,0,h,,2014-03-29 07:02:09,2417075886,0,F,745,,0,0,2147483647,False,9,0,it,0,98,,0,0,0,0,salviamo l'Italia?? privatizziamola,144,http://abs.twimg.com/images/themes/theme1/bg.png,29709,mau62b,0,,Linkis: turn sharing into growth,,0,0,"$ISP",\N,$ISP,2017-05-11 04:13:06,ISP,2014-03-29 03:02:09,2,5,2017,,10,72,ISP,50,"$ISP - BORSA: Ftse Mib +0,26%, Unicredit in luce https://t.co/8LjAU0rLVZ"
0,2017-09-05 10:39:44,0,0,905017600303927296,,"RT @WrigleyTom: $CLDR $CONN $COUP $DVMT $FNSR\
$FRAN $FRED $GIII $GWRE $HDS\
$HOME $HOV $HPE $HQY $JKS $KR\
$OKTA $PAY $PLAY $RDFN $RH\
$SIGM $…",,905017600303927296,21,,,0,,C,Kris,D,0,h,,2017-06-07 23:49:33,872601454456037376,0,1,30,,0,0,2147483647,True,0,0,en,3,16,,0,0,F,0,,25,,43,bgdakm,0,,Twitter for iPhone,,0,0,"$CONN",\N,$CONN,2017-09-05 06:39:44,CONN,2017-06-07 19:49:33,3,9,2017,,21,140,CONN,51,"RT @WrigleyTom: $CLDR $CONN $COUP $DVMT $FNSR\
$FRAN $FRED $GIII $GWRE $HDS\
$HOME $HOV $HPE $HQY $JKS $KR\
$OKTA $PAY $PLAY $RDFN $RH\
$SIGM $…"
0,2017-12-11 19:44:01,0,0,940306193490305024,,"RT @91ERlC: cea and school of c kids: hey\
coas kids: flagship\
school of b kids: $ob money gang, my corporate sponsor just bought my team a…",,940306193490305024,159,,,0,,C,next time open your ears cause i didnt even call y,D,0,h,"Charlotte, NC",2015-01-18 13:33:15,2984068775,0,1,13155,,0,-28800,2147483647,True,2,0,en,3,982,Pacific Time (US & Canada),0,0,C,0,the people's champ must be everything the people can't be #HU21 ,947,http://abs.twimg.com/images/themes/theme1/bg.png,8336,j_mxa,0,,Twitter for iPhone,,0,0,"$OB",\N,$OB,2017-12-11 14:44:01,OB,2015-01-18 08:33:15,4,12,2017,,25,139,OB,53,"RT @91ERlC: cea and school of c kids: hey\
coas kids: flagship\
school of b kids: $ob money gang, my corporate sponsor just bought my team a…"
0,2017-05-11 08:13:06,0,0,862581315916316673,,DryShips: Disappointing Earnings https://t.co/9cHDMY1BpJ $DRYS,,862581315916316673,0,,,0,,F,Seeking Alpha,D,0,h,,2009-03-06 12:52:56,23059499,0,4,16,http://t.co/VicXVZ0dsp,0,-14400,23059499,True,3271,0,en,3,99212,Eastern Time (US & Canada),0,0,D,0,"Contributor articles from Seeking Alpha, #1 in crowdsourced equity research. See all SA Twitter feeds at https://t.co/nzLmsIKexy",34,http://pbs.twimg.com/profile_background_images/436400133916225536/dxS1wkvd.png,472239,SeekingAlpha,0,,Seeking Alpha,,0,0,"$DRYS",\N,$DRYS,2017-05-11 04:13:06,DRYS,2009-03-06 07:52:56,2,5,2017,,5,62,DRYS,54,DryShips: Disappointing Earnings https://t.co/9cHDMY1BpJ $DRYS
0,2017-09-05 10:39:44,0,0,905017600303927296,,"RT @WrigleyTom: $CLDR $CONN $COUP $DVMT $FNSR\
$FRAN $FRED $GIII $GWRE $HDS\
$HOME $HOV $HPE $HQY $JKS $KR\
$OKTA $PAY $PLAY $RDFN $RH\
$SIGM $…",,905017600303927296,21,,,0,,C,Kris,D,0,h,,2017-06-07 23:49:33,872601454456037376,0,1,30,,0,0,2147483647,True,0,0,en,3,16,,0,0,F,0,,25,,43,bgdakm,0,,Twitter for iPhone,,0,0,"$COUP",\N,$COUP,2017-09-05 06:39:44,COUP,2017-06-07 19:49:33,3,9,2017,,21,140,COUP,55,"RT @WrigleyTom: $CLDR $CONN $COUP $DVMT $FNSR\
$FRAN $FRED $GIII $GWRE $HDS\
$HOME $HOV $HPE $HQY $JKS $KR\
$OKTA $PAY $PLAY $RDFN $RH\
$SIGM $…"
0,2017-09-05 10:39:44,0,0,905017600303927296,,"RT @WrigleyTom: $CLDR $CONN $COUP $DVMT $FNSR\
$FRAN $FRED $GIII $GWRE $HDS\
$HOME $HOV $HPE $HQY $JKS $KR\
$OKTA $PAY $PLAY $RDFN $RH\
$SIGM $…",,905017600303927296,22,,,0,,C,Kris,D,0,h,,2017-06-07 23:49:33,872601454456037376,0,1,30,,0,0,2147483647,True,0,0,en,3,16,,0,0,F,0,,25,,43,bgdakm,0,,Twitter for iPhone,,0,0,"$DVMT",\N,$DVMT,2017-09-05 06:39:44,DVMT,2017-06-07 19:49:33,3,9,2017,,21,140,DVMT,57,"RT @WrigleyTom: $CLDR $CONN $COUP $DVMT $FNSR\
$FRAN $FRED $GIII $GWRE $HDS\
$HOME $HOV $HPE $HQY $JKS $KR\
$OKTA $PAY $PLAY $RDFN $RH\
$SIGM $…"
0,2017-12-11 19:44:01,0,0,940306195285504000,,Who the hell drinks 12 diet $odas a day?! #Trumpy they $ay. He doesn't have blood streams. He has #DietCoke $treams… https://t.co/opAM4uI9vZ,,940306195285504000,0,,,0,,0,Don Omni,F,0,h,in the last 'verse,2009-10-16 19:47:30,82957238,0,E,593,,0,-18000,82957238,True,215,0,en,F,6482,Eastern Time (US & Canada),0,0,C,0,If change's constant then truth's variable. We're temporal echoes intended through space & spatial reflections extended through time. Reap between the rhymes.,6129,http://pbs.twimg.com/profile_background_images/378800000179803796/z6ZlyoPg.jpeg,84815,_FAMED_,0,,Twitter Web Client,,0,0,"$EC",\N,$EC,2017-12-11 14:44:01,EC,2009-10-16 15:47:30,4,12,2017,,22,140,EC,58,Who the hell drinks 12 diet $odas a day?! #Trumpy they $ay. He doesn't have blood streams. He has #DietCoke $treams… https://t.co/opAM4uI9vZ
0,2017-05-11 08:13:11,0,0,862581338037256192,,$ZBRA AIM North America Honors 2017 Award Winners https://t.co/JSVy693df1,,862581338037256192,0,,,0,,0,MyAllies Trading,0,0,h,,2014-03-19 14:36:36,2397975692,0,3,0,https://t.co/CXkUO1PIZA,0,7200,2147483647,False,270,0,en,0,453,Belgrade,0,0,0,0,MyAllies delivers breaking news from across the globe and information on the latest breaking business and financial events. https://t.co/CXkUO1PIZA,0,http://abs.twimg.com/images/themes/theme1/bg.png,408840,MyAlliesTrading,0,,MyAllies Breaking News,,0,0,"$ZBRA",\N,$ZBRA,2017-05-11 04:13:11,ZBRA,2014-03-19 10:36:36,2,5,2017,,9,73,ZBRA,59,$ZBRA AIM North America Honors 2017 Award Winners https://t.co/JSVy693df1
0,2017-09-05 10:39:44,0,0,905017600303927296,,"RT @WrigleyTom: $CLDR $CONN $COUP $DVMT $FNSR\
$FRAN $FRED $GIII $GWRE $HDS\
$HOME $HOV $HPE $HQY $JKS $KR\
$OKTA $PAY $PLAY $RDFN $RH\
$SIGM $…",,905017600303927296,22,,,0,,C,Kris,D,0,h,,2017-06-07 23:49:33,872601454456037376,0,1,30,,0,0,2147483647,True,0,0,en,3,16,,0,0,F,0,,25,,43,bgdakm,0,,Twitter for iPhone,,0,0,"$FNSR",\N,$FNSR,2017-09-05 06:39:44,FNSR,2017-06-07 19:49:33,3,9,2017,,21,140,FNSR,61,"RT @WrigleyTom: $CLDR $CONN $COUP $DVMT $FNSR\
$FRAN $FRED $GIII $GWRE $HDS\
$HOME $HOV $HPE $HQY $JKS $KR\
$OKTA $PAY $PLAY $RDFN $RH\
$SIGM $…"
0,2017-12-11 19:44:02,0,0,940306200914251776,,RT @maxkeiser: $DB is insolvent. They are unsustainably leveraged at 200:1. Deutsch Bank will probably evaporate in 2018 with a ‘bail in’ t…,,940306200914251776,70,,,0,,A,Ed Flint,C,0,h,,2013-05-28 15:11:50,1464945781,0,3,96087,,0,-18000,1464945781,False,1,0,en,0,4707,Eastern Time (US & Canada),0,0,0,0,I'm only retweeting close followers or verified stories from Patriots.Mandela Effect,4767,http://pbs.twimg.com/profile_background_images/459918984020647936/ANziyRxo.png,11004,EdFlint2,0,,Twitter Web Client,,0,0,"$DB",\N,$DB,2017-12-11 14:44:02,DB,2013-05-28 11:11:50,4,12,2017,,23,140,DB,62,RT @maxkeiser: $DB is insolvent. They are unsustainably leveraged at 200:1. Deutsch Bank will probably evaporate in 2018 with a ‘bail in’ t…
0,2017-05-11 08:13:11,0,0,862581338267938816,,$CPRX Catalyst Pharmaceuticals Announces First Quarter 2017  Financial Results and Provides Corporate Update https://t.co/dOcLN095bk,,862581338267938816,0,,,0,,0,MyAllies Trading,0,0,h,,2014-03-19 14:36:36,2397975692,0,3,0,https://t.co/CXkUO1PIZA,0,7200,2147483647,False,270,0,en,0,449,Belgrade,0,0,0,0,MyAllies delivers breaking news from across the globe and information on the latest breaking business and financial events. https://t.co/CXkUO1PIZA,0,http://abs.twimg.com/images/themes/theme1/bg.png,408148,MyAlliesTrading,0,,MyAllies Breaking News,,0,0,"$CPRX",\N,$CPRX,2017-05-11 04:13:11,CPRX,2014-03-19 10:36:36,2,5,2017,,15,132,CPRX,63,$CPRX Catalyst Pharmaceuticals Announces First Quarter 2017  Financial Results and Provides Corporate Update https://t.co/dOcLN095bk
0,2017-09-05 10:39:44,0,0,905017600303927296,,"RT @WrigleyTom: $CLDR $CONN $COUP $DVMT $FNSR\
$FRAN $FRED $GIII $GWRE $HDS\
$HOME $HOV $HPE $HQY $JKS $KR\
$OKTA $PAY $PLAY $RDFN $RH\
$SIGM $…",,905017600303927296,22,,,0,,C,Kris,D,0,h,,2017-06-07 23:49:33,872601454456037376,0,1,30,,0,0,2147483647,True,0,0,en,3,16,,0,0,F,0,,25,,43,bgdakm,0,,Twitter for iPhone,,0,0,"$FRAN",\N,$FRAN,2017-09-05 06:39:44,FRAN,2017-06-07 19:49:33,3,9,2017,,21,140,FRAN,65,"RT @WrigleyTom: $CLDR $CONN $COUP $DVMT $FNSR\
$FRAN $FRED $GIII $GWRE $HDS\
$HOME $HOV $HPE $HQY $JKS $KR\
$OKTA $PAY $PLAY $RDFN $RH\
$SIGM $…"
0,2017-12-11 19:44:03,0,0,940306202260660224,,"RT @JROBLES08: $E OFRECE $ RECOMPESA $\
Informacion a los telefonos 6781.5056 o 6775-7322 https://t.co/DxbEOD8IhL",,940306202260660224,11,,,0,,C,ashleyfernandez,D,0,h,chiriquí,2012-02-10 23:52:26,488902470,0,1,205,,0,0,488902470,True,0,0,es,3,15,,0,0,C,0,,25,http://abs.twimg.com/images/themes/theme1/bg.png,396,ashleyfernand17,0,,Twitter for BlackBerry®,,0,0,"$E",\N,$E,2017-12-11 14:44:03,E,2012-02-10 18:52:26,4,12,2017,,14,112,E,66,"RT @JROBLES08: $E OFRECE $ RECOMPESA $\
Informacion a los telefonos 6781.5056 o 6775-7322 https://t.co/DxbEOD8IhL"
0,2017-05-11 08:13:11,0,0,862581338406301696,,$WWWW https://t.co/zalKI83pkO to Present at Upcoming Conferences in May 2017 https://t.co/VPXXfIfe1I,,862581338406301696,0,,,0,,0,MyAllies Trading,0,0,h,,2014-03-19 14:36:36,2397975692,0,3,0,https://t.co/CXkUO1PIZA,0,7200,2147483647,False,270,0,en,0,453,Belgrade,0,0,0,0,MyAllies delivers breaking news from across the globe and information on the latest breaking business and financial events. https://t.co/CXkUO1PIZA,0,http://abs.twimg.com/images/themes/theme1/bg.png,408775,MyAlliesTrading,0,,MyAllies Breaking News,,0,0,"$WWWW",\N,$WWWW,2017-05-11 04:13:11,WWWW,2014-03-19 10:36:36,2,5,2017,,11,100,WWWW,67,$WWWW https://t.co/zalKI83pkO to Present at Upcoming Conferences in May 2017 https://t.co/VPXXfIfe1I
0,2017-09-05 10:39:44,0,0,905017600303927296,,"RT @WrigleyTom: $CLDR $CONN $COUP $DVMT $FNSR\
$FRAN $FRED $GIII $GWRE $HDS\
$HOME $HOV $HPE $HQY $JKS $KR\
$OKTA $PAY $PLAY $RDFN $RH\
$SIGM $…",,905017600303927296,22,,,0,,C,Kris,D,0,h,,2017-06-07 23:49:33,872601454456037376,0,1,30,,0,0,2147483647,True,0,0,en,3,16,,0,0,F,0,,25,,43,bgdakm,0,,Twitter for iPhone,,0,0,"$FRED",\N,$FRED,2017-09-05 06:39:44,FRED,2017-06-07 19:49:33,3,9,2017,,21,140,FRED,68,"RT @WrigleyTom: $CLDR $CONN $COUP $DVMT $FNSR\
$FRAN $FRED $GIII $GWRE $HDS\
$HOME $HOV $HPE $HQY $JKS $KR\
$OKTA $PAY $PLAY $RDFN $RH\
$SIGM $…"
0,2017-09-05 10:39:44,0,0,905017600303927296,,"RT @WrigleyTom: $CLDR $CONN $COUP $DVMT $FNSR\
$FRAN $FRED $GIII $GWRE $HDS\
$HOME $HOV $HPE $HQY $JKS $KR\
$OKTA $PAY $PLAY $RDFN $RH\
$SIGM $…",,905017600303927296,22,,,0,,C,Kris,D,0,h,,2017-06-07 23:49:33,872601454456037376,0,1,30,,0,0,2147483647,True,0,0,en,3,16,,0,0,F,0,,25,,43,bgdakm,0,,Twitter for iPhone,,0,0,"$GIII",\N,$GIII,2017-09-05 06:39:44,GIII,2017-06-07 19:49:33,3,9,2017,,21,140,GIII,70,"RT @WrigleyTom: $CLDR $CONN $COUP $DVMT $FNSR\
$FRAN $FRED $GIII $GWRE $HDS\
$HOME $HOV $HPE $HQY $JKS $KR\
$OKTA $PAY $PLAY $RDFN $RH\
$SIGM $…"
0,2017-05-11 08:13:11,0,0,862581339429711873,,$RLOC ReachLocal Joins Select Group of Facebook Marketing Partners https://t.co/qiMx2z0eFO,,862581339429711873,0,,,0,,0,MyAllies Trading,0,0,h,,2014-03-19 14:36:36,2397975692,0,3,0,https://t.co/CXkUO1PIZA,0,7200,2147483647,False,270,0,en,0,450,Belgrade,0,0,0,0,MyAllies delivers breaking news from across the globe and information on the latest breaking business and financial events. https://t.co/CXkUO1PIZA,0,http://abs.twimg.com/images/themes/theme1/bg.png,408280,MyAlliesTrading,0,,MyAllies Breaking News,,0,0,"$RLOC",\N,$RLOC,2017-05-11 04:13:11,RLOC,2014-03-19 10:36:36,2,5,2017,,10,90,RLOC,71,$RLOC ReachLocal Joins Select Group of Facebook Marketing Partners https://t.co/qiMx2z0eFO
0,2017-12-11 19:44:05,0,0,940306210204422144,,"$AET $CVS:\
\
CVS And Aetna: The Worst Of Sick-Care Under One Roof:\
\
https://t.co/Mszm5UvRDH",,940306210204422144,0,,,0,,D,Stock News,E,0,h,U.S.,2014-02-15 05:49:10,2344619544,0,0,0,,0,-18000,2147483647,True,163,0,en,6,1663,Eastern Time (US & Canada),0,0,E,0,News about Stocks,0,http://abs.twimg.com/images/themes/theme3/bg.gif,360570,NewsToDesk,0,,StockNewsWires,,0,0,"$CVS",\N,$CVS,2017-12-11 14:44:05,CVS,2014-02-15 00:49:10,4,12,2017,,11,90,CVS,72,"$AET $CVS:\
\
CVS And Aetna: The Worst Of Sick-Care Under One Roof:\
\
https://t.co/Mszm5UvRDH"
0,2017-09-05 10:39:44,0,0,905017600303927296,,"RT @WrigleyTom: $CLDR $CONN $COUP $DVMT $FNSR\
$FRAN $FRED $GIII $GWRE $HDS\
$HOME $HOV $HPE $HQY $JKS $KR\
$OKTA $PAY $PLAY $RDFN $RH\
$SIGM $…",,905017600303927296,22,,,0,,C,Kris,D,0,h,,2017-06-07 23:49:33,872601454456037376,0,1,30,,0,0,2147483647,True,0,0,en,3,16,,0,0,F,0,,25,,43,bgdakm,0,,Twitter for iPhone,,0,0,"$GWRE",\N,$GWRE,2017-09-05 06:39:44,GWRE,2017-06-07 19:49:33,3,9,2017,,21,140,GWRE,74,"RT @WrigleyTom: $CLDR $CONN $COUP $DVMT $FNSR\
$FRAN $FRED $GIII $GWRE $HDS\
$HOME $HOV $HPE $HQY $JKS $KR\
$OKTA $PAY $PLAY $RDFN $RH\
$SIGM $…"
0,2017-12-11 19:44:05,0,0,940306212217860097,,Adicionei um vídeo a uma playlist @YouTube https://t.co/tXEcKBaEE6 Harmony - Work from Home ft. Ty Dolla $ign Lyrics,,940306212217860097,0,,,0,,0,Victor Iris,0,0,h,Brasil,2014-06-28 20:44:51,2593633368,0,0,169,,0,0,2147483647,False,0,0,pt,0,14,,0,0,0,0,:v,85,http://abs.twimg.com/images/themes/theme1/bg.png,7910,lolloltrolagem,0,,Google,,0,0,"$IGN",\N,$IGN,2017-12-11 14:44:05,IGN,2014-06-28 16:44:51,4,12,2017,,18,116,IGN,75,Adicionei um vídeo a uma playlist @YouTube https://t.co/tXEcKBaEE6 Harmony - Work from Home ft. Ty Dolla $ign Lyrics
0,2017-05-11 08:13:23,0,0,862581386485669889,,"RT @techeblog: #Tesla Solar Roof goes on sale, has quasi-infinite lifetime due to quartz construction. https://t.co/45TELyvIPz #science #te…",,862581386485669889,44,,,0,,C,Оксана Колесникова,D,0,h,Москва,2016-09-09 05:17:07,774114388257099776,0,1,1397,,0,0,2147483647,True,4,0,ru,3,35,,0,0,F,0,,1820,,1137,vinvafilt90,0,,Twitter Web Client,,0,0,"$TSLA",\N,$TSLA,2017-05-11 04:13:23,TSLA,2016-09-09 01:17:07,2,5,2017,,18,140,TSLA,76,"RT @techeblog: #Tesla Solar Roof goes on sale, has quasi-infinite lifetime due to quartz construction. https://t.co/45TELyvIPz #science #te…"
0,2017-09-05 10:39:44,0,0,905017600303927296,,"RT @WrigleyTom: $CLDR $CONN $COUP $DVMT $FNSR\
$FRAN $FRED $GIII $GWRE $HDS\
$HOME $HOV $HPE $HQY $JKS $KR\
$OKTA $PAY $PLAY $RDFN $RH\
$SIGM $…",,905017600303927296,22,,,0,,C,Kris,D,0,h,,2017-06-07 23:49:33,872601454456037376,0,1,30,,0,0,2147483647,True,0,0,en,3,16,,0,0,F,0,,25,,43,bgdakm,0,,Twitter for iPhone,,0,0,"$HDS",\N,$HDS,2017-09-05 06:39:44,HDS,2017-06-07 19:49:33,3,9,2017,,21,140,HDS,77,"RT @WrigleyTom: $CLDR $CONN $COUP $DVMT $FNSR\
$FRAN $FRED $GIII $GWRE $HDS\
$HOME $HOV $HPE $HQY $JKS $KR\
$OKTA $PAY $PLAY $RDFN $RH\
$SIGM $…"
0,2017-05-11 08:13:24,0,0,862581392588369920,,"According to my #AlternativeFacts, you should aggressively trade Data I/O $DAIO #trading",,862581392588369920,2,,,0,,0,Stock Advicebot 2000,0,0,h,The Markets,2016-10-12 02:59:56,786038665625554944,0,0,14,https://t.co/M5Bs1XYevA,0,-25200,2147483647,False,22,0,en,0,1271,Pacific Time (US & Canada),0,0,0,0,"I am a robot programmed by the humans at @Sneaky_Falcon to generate the best #StockMarket & #Investing tips. Just a #robot, not a financial professional",81,http://abs.twimg.com/images/themes/theme1/bg.png,4441,StockTipRobot,0,,SFE Robot1,,0,0,"$DAIO",\N,$DAIO,2017-05-11 04:13:24,DAIO,2016-10-11 22:59:56,2,5,2017,,12,88,DAIO,78,"According to my #AlternativeFacts, you should aggressively trade Data I/O $DAIO #trading"
0,2017-12-11 19:44:05,0,0,940306212624764930,,"22:42 zaman mührü için \
En Çok Yükselen 5 :\
 $GNO : %6.72 \
 $RLC : %4.53 \
 $STRAT : %2.32 \
 $PIVX : %1.88 \
 $SWT :… https://t.co/FTH4R9EwXJ",,940306212624764930,0,,,0,,C,BotsForCoins,D,0,h,"Ankara, Türkiye",2017-12-03 16:17:48,937355192273694720,0,1,0,,0,0,2147483647,True,3,0,en,3,86,,0,0,F,0,"Ben Basit Bir Botum, Anlık yakaladığım tüm dataları bildirmekle yükümlüyüm.  Gördükleriniz Yatırım Tavsiyesi DEĞİLDİR.",0,,1931,CatcherForYou,0,,coinsData,,0,0,"$SC",\N,$SC,2017-12-11 14:44:05,SC,2017-12-03 11:17:48,4,12,2017,,28,139,SC,79,"22:42 zaman mührü için \
En Çok Yükselen 5 :\
 $GNO : %6.72 \
 $RLC : %4.53 \
 $STRAT : %2.32 \
 $PIVX : %1.88 \
 $SWT :… https://t.co/FTH4R9EwXJ"
0,2017-09-05 10:39:44,0,0,905017600303927296,,"RT @WrigleyTom: $CLDR $CONN $COUP $DVMT $FNSR\
$FRAN $FRED $GIII $GWRE $HDS\
$HOME $HOV $HPE $HQY $JKS $KR\
$OKTA $PAY $PLAY $RDFN $RH\
$SIGM $…",,905017600303927296,22,,,0,,C,Kris,D,0,h,,2017-06-07 23:49:33,872601454456037376,0,1,30,,0,0,2147483647,True,0,0,en,3,16,,0,0,F,0,,25,,43,bgdakm,0,,Twitter for iPhone,,0,0,"$HOME",\N,$HOME,2017-09-05 06:39:44,HOME,2017-06-07 19:49:33,3,9,2017,,21,140,HOME,80,"RT @WrigleyTom: $CLDR $CONN $COUP $DVMT $FNSR\
$FRAN $FRED $GIII $GWRE $HDS\
$HOME $HOV $HPE $HQY $JKS $KR\
$OKTA $PAY $PLAY $RDFN $RH\
$SIGM $…"
0,2017-09-05 10:39:44,0,0,905017600303927296,,"RT @WrigleyTom: $CLDR $CONN $COUP $DVMT $FNSR\
$FRAN $FRED $GIII $GWRE $HDS\
$HOME $HOV $HPE $HQY $JKS $KR\
$OKTA $PAY $PLAY $RDFN $RH\
$SIGM $…",,905017600303927296,22,,,0,,C,Kris,D,0,h,,2017-06-07 23:49:33,872601454456037376,0,1,30,,0,0,2147483647,True,0,0,en,3,16,,0,0,F,0,,25,,43,bgdakm,0,,Twitter for iPhone,,0,0,"$HOV",\N,$HOV,2017-09-05 06:39:44,HOV,2017-06-07 19:49:33,3,9,2017,,21,140,HOV,82,"RT @WrigleyTom: $CLDR $CONN $COUP $DVMT $FNSR\
$FRAN $FRED $GIII $GWRE $HDS\
$HOME $HOV $HPE $HQY $JKS $KR\
$OKTA $PAY $PLAY $RDFN $RH\
$SIGM $…"
0,2017-05-11 08:13:27,0,0,862581403241730049,16096416.0,@VogueParis #1CANVASMODEL HERE HOW'S IT GOING? ,,862581403241730049,0,,,0,16096416.0,0,Keith Phillips,0,0,h,Los Angeles CA.City of Angel,2016-09-14 14:35:07,776066754288115712,0,9,233,https://t.co/esySc4L2ef,0,-25200,2147483647,False,2,0,en,0,67,Pacific Time (US & Canada),0,0,0,0,LOVE is what motivates me. Lets HEAL our WORLD BY WARMING IT UP WITH LOVE!,171,http://abs.twimg.com/images/themes/theme1/bg.png,1488,HiKeithPhillips,0,VogueParis,Twitter Web Client,"Place(_api=<tweepy.api.API object at 0x02F49AF0>, full_name=u'Los Angeles, CA', url=u'https://api.twitter.com/1.1/geo/id/3b77caf",0,0,"$EVER",\N,$EVER,2017-05-11 04:13:27,EVER,2016-09-14 10:35:07,2,5,2017,,7,47,EVER,83,@VogueParis #1CANVASMODEL HERE HOW'S IT GOING? 
0,2017-12-11 19:44:07,0,0,940306219339694080,,TREND REVERSAL DOWN ALERT: $CHH CHOICE HOTELS ,,940306219339694080,0,,,0,,F,Stock Trade Alerts,C,0,h,Universe ,2010-03-08 16:14:34,121158213,0,0,3453,https://t.co/NEmrVUFBRs,0,-18000,121158213,False,2431,0,en,3,132412,Eastern Time (US & Canada),0,0,0,0,,123884,http://pbs.twimg.com/profile_background_images/448264669841465344/Hb9PWICH.png,1281803,AlertTrade,0,,dlvr.it,,0,0,"$CHH",\N,$CHH,2017-12-11 14:44:07,CHH,2010-03-08 11:14:34,4,12,2017,,8,46,CHH,85,TREND REVERSAL DOWN ALERT: $CHH CHOICE HOTELS 
0,2017-09-05 10:39:44,0,0,905017600303927296,,"RT @WrigleyTom: $CLDR $CONN $COUP $DVMT $FNSR\
$FRAN $FRED $GIII $GWRE $HDS\
$HOME $HOV $HPE $HQY $JKS $KR\
$OKTA $PAY $PLAY $RDFN $RH\
$SIGM $…",,905017600303927296,22,,,0,,C,Kris,D,0,h,,2017-06-07 23:49:33,872601454456037376,0,1,30,,0,0,2147483647,True,0,0,en,3,16,,0,0,F,0,,25,,43,bgdakm,0,,Twitter for iPhone,,0,0,"$HPE",\N,$HPE,2017-09-05 06:39:44,HPE,2017-06-07 19:49:33,3,9,2017,,21,140,HPE,86,"RT @WrigleyTom: $CLDR $CONN $COUP $DVMT $FNSR\
$FRAN $FRED $GIII $GWRE $HDS\
$HOME $HOV $HPE $HQY $JKS $KR\
$OKTA $PAY $PLAY $RDFN $RH\
$SIGM $…"
0,2017-05-11 08:13:35,0,0,862581437278695426,,$CVTI CTG Announces Unfavorable Court Decision &amp;amp; Impact on Previously Reported 1st Quarter Earnings https://t.co/VBWAl0N6D2,,862581437278695426,0,,,0,,0,MyAllies Trading,0,0,h,,2014-03-19 14:36:36,2397975692,0,3,0,https://t.co/CXkUO1PIZA,0,7200,2147483647,False,270,0,en,0,449,Belgrade,0,0,0,0,MyAllies delivers breaking news from across the globe and information on the latest breaking business and financial events. https://t.co/CXkUO1PIZA,0,http://abs.twimg.com/images/themes/theme1/bg.png,408192,MyAlliesTrading,0,,MyAllies Breaking News,,0,0,"$CVTI",\N,$CVTI,2017-05-11 04:13:35,CVTI,2014-03-19 10:36:36,2,5,2017,,15,131,CVTI,87,$CVTI CTG Announces Unfavorable Court Decision &amp;amp; Impact on Previously Reported 1st Quarter Earnings https://t.co/VBWAl0N6D2
0,2017-12-11 19:44:07,0,0,940306220367384576,,$VRAY starting to look good here to buy for a longer term trade around this level. ~$8.00.,,940306220367384576,0,,,0,,0,TraderMN,0,0,h,MN,2015-03-17 14:32:52,3093921150,0,3,20,https://t.co/IeIhGV5wbG,0,-21600,2147483647,False,6,0,en,0,435,Central Time (US & Canada),0,0,0,0,"Stock Trader- Everyone has different entries, exits and cost basis for each trade. Using any information from my Twitter account is at your own risk!",467,http://abs.twimg.com/images/themes/theme1/bg.png,3188,TraderMN1,0,,Twitter Web Client,,0,0,"$VRAY",\N,$VRAY,2017-12-11 14:44:07,VRAY,2015-03-17 10:32:52,4,12,2017,,17,90,VRAY,88,$VRAY starting to look good here to buy for a longer term trade around this level. ~$8.00.
0,2017-09-05 10:39:44,0,0,905017600303927296,,"RT @WrigleyTom: $CLDR $CONN $COUP $DVMT $FNSR\
$FRAN $FRED $GIII $GWRE $HDS\
$HOME $HOV $HPE $HQY $JKS $KR\
$OKTA $PAY $PLAY $RDFN $RH\
$SIGM $…",,905017600303927296,22,,,0,,C,Kris,D,0,h,,2017-06-07 23:49:33,872601454456037376,0,1,30,,0,0,2147483647,True,0,0,en,3,16,,0,0,F,0,,25,,43,bgdakm,0,,Twitter for iPhone,,0,0,"$HQY",\N,$HQY,2017-09-05 06:39:44,HQY,2017-06-07 19:49:33,3,9,2017,,21,140,HQY,89,"RT @WrigleyTom: $CLDR $CONN $COUP $DVMT $FNSR\
$FRAN $FRED $GIII $GWRE $HDS\
$HOME $HOV $HPE $HQY $JKS $KR\
$OKTA $PAY $PLAY $RDFN $RH\
$SIGM $…"
0,2017-05-11 08:13:40,0,0,862581460263415808,,"$LEO, finns de ett case?",,862581460263415808,0,,,0,,C,luledesken,D,0,h,,2012-10-04 12:11:04,861294542,0,1,498,,0,7200,861294542,True,21,0,sv,3,1842,Amsterdam,0,0,C,0,"Trader, nordiska aktier, terminer.",126,http://abs.twimg.com/images/themes/theme1/bg.png,919,luledesken,0,,Twitter Web Client,,0,1,"$LEO",\N,$LEO,2017-05-11 04:13:40,LEO,2012-10-04 08:11:04,2,5,2017,,5,24,LEO,90,"$LEO, finns de ett case?"
0,2017-09-05 10:39:44,0,0,905017600303927296,,"RT @WrigleyTom: $CLDR $CONN $COUP $DVMT $FNSR\
$FRAN $FRED $GIII $GWRE $HDS\
$HOME $HOV $HPE $HQY $JKS $KR\
$OKTA $PAY $PLAY $RDFN $RH\
$SIGM $…",,905017600303927296,23,,,0,,C,Kris,D,0,h,,2017-06-07 23:49:33,872601454456037376,0,1,30,,0,0,2147483647,True,0,0,en,3,16,,0,0,F,0,,25,,43,bgdakm,0,,Twitter for iPhone,,0,0,"$JKS",\N,$JKS,2017-09-05 06:39:44,JKS,2017-06-07 19:49:33,3,9,2017,,21,140,JKS,92,"RT @WrigleyTom: $CLDR $CONN $COUP $DVMT $FNSR\
$FRAN $FRED $GIII $GWRE $HDS\
$HOME $HOV $HPE $HQY $JKS $KR\
$OKTA $PAY $PLAY $RDFN $RH\
$SIGM $…"
0,2017-12-11 19:44:07,0,0,940306220472086528,,TREND REVERSAL DOWN ALERT: $COLM COLUMBIA SPORTSWEAR ,,940306220472086528,0,,,0,,F,Stock Trade Alerts,C,0,h,Universe ,2010-03-08 16:14:34,121158213,0,0,3453,https://t.co/NEmrVUFBRs,0,-18000,121158213,False,2431,0,en,3,132404,Eastern Time (US & Canada),0,0,0,0,,123883,http://pbs.twimg.com/profile_background_images/448264669841465344/Hb9PWICH.png,1281811,AlertTrade,0,,dlvr.it,,0,0,"$COLM",\N,$COLM,2017-12-11 14:44:07,COLM,2010-03-08 11:14:34,4,12,2017,,8,53,COLM,93,TREND REVERSAL DOWN ALERT: $COLM COLUMBIA SPORTSWEAR 
0,2017-05-11 08:13:44,0,0,862581475375448064,,RT @CNBCClosingBell: $DIS CEO Bob Iger speaks to us FIRST on earnings and addresses the layoffs at ESPN. For more on that and other show hi…,,862581475375448064,4,,,0,,C,Daryl M. Davis,D,0,h,"Washington, United States",2010-09-11 05:57:04,189420620,0,1,43,http://t.co/bcZbGnGfXP,0,-18000,189420620,True,17,0,en,3,321,Central Time (US & Canada),0,0,C,0,"The 2 most important languages we can learn, they don't teach us in school, but they make the world go round; money & energy!",288,http://abs.twimg.com/images/themes/theme1/bg.png,12989,daryl_davis,0,,Twitter for Android,,0,0,"$DIS",\N,$DIS,2017-05-11 04:13:44,DIS,2010-09-11 01:57:04,2,5,2017,,26,140,DIS,94,RT @CNBCClosingBell: $DIS CEO Bob Iger speaks to us FIRST on earnings and addresses the layoffs at ESPN. For more on that and other show hi…
0,2017-09-05 10:39:44,0,0,905017600303927296,,"RT @WrigleyTom: $CLDR $CONN $COUP $DVMT $FNSR\
$FRAN $FRED $GIII $GWRE $HDS\
$HOME $HOV $HPE $HQY $JKS $KR\
$OKTA $PAY $PLAY $RDFN $RH\
$SIGM $…",,905017600303927296,21,,,0,,C,Kris,D,0,h,,2017-06-07 23:49:33,872601454456037376,0,1,30,,0,0,2147483647,True,0,0,en,3,16,,0,0,F,0,,25,,43,bgdakm,0,,Twitter for iPhone,,0,0,"$KR",\N,$KR,2017-09-05 06:39:44,KR,2017-06-07 19:49:33,3,9,2017,,21,140,KR,95,"RT @WrigleyTom: $CLDR $CONN $COUP $DVMT $FNSR\
$FRAN $FRED $GIII $GWRE $HDS\
$HOME $HOV $HPE $HQY $JKS $KR\
$OKTA $PAY $PLAY $RDFN $RH\
$SIGM $…"
0,2017-12-11 19:44:09,0,0,940306227069890562,,$RSYS second round..... could squeeze over $1 .... volume 2x average,,940306227069890562,1,,,0,,1,Antonio Costa,2,0,h,,2009-07-10 13:33:23,55561590,0,2,7956,http://t.co/0D7MyckC88,0,0,55561590,True,877,0,en,F,26631,,0,0,4,0,I'm a 42 year old private trader using proprietary technical analysis w/+18yrs experience of investing in stock markets. Do your own research. Tweets not advice,277,http://pbs.twimg.com/profile_background_images/532141174/sc1.jpg,88838,ACInvestorBlog,0,,StockTwits Web,,0,3,"$RSYS",\N,$RSYS,2017-12-11 14:44:09,RSYS,2009-07-10 09:33:23,4,12,2017,,11,68,RSYS,97,$RSYS second round..... could squeeze over $1 .... volume 2x average
0,2017-09-05 10:39:44,0,0,905017600303927296,,"RT @WrigleyTom: $CLDR $CONN $COUP $DVMT $FNSR\
$FRAN $FRED $GIII $GWRE $HDS\
$HOME $HOV $HPE $HQY $JKS $KR\
$OKTA $PAY $PLAY $RDFN $RH\
$SIGM $…",,905017600303927296,22,,,0,,C,Kris,D,0,h,,2017-06-07 23:49:33,872601454456037376,0,1,30,,0,0,2147483647,True,0,0,en,3,16,,0,0,F,0,,25,,43,bgdakm,0,,Twitter for iPhone,,0,0,"$PAY",\N,$PAY,2017-09-05 06:39:44,PAY,2017-06-07 19:49:33,3,9,2017,,21,140,PAY,98,"RT @WrigleyTom: $CLDR $CONN $COUP $DVMT $FNSR\
$FRAN $FRED $GIII $GWRE $HDS\
$HOME $HOV $HPE $HQY $JKS $KR\
$OKTA $PAY $PLAY $RDFN $RH\
$SIGM $…"
0,2017-05-11 08:13:50,0,0,862581502000996352,,RT @RReynolds135: $VBIO Rose 42%!!! #Pennystocks #Reuters #Dow $PRGE $MTBC $BKD.V $PRTO https://t.co/p4q4XzfB0K,,862581502000996352,137,,,0,,C,Kaye,D,0,h,Anchorage,2017-04-04 07:33:07,849162902921674752,0,1,7,,0,0,2147483647,True,0,0,en,3,0,,0,0,F,0,Trading stocks day trading. Parkinson's first law: work expands to fill the time available for its completion; the thing to be done swells in the perceived,23,,54,C7mcKagoQLjZyKf,0,,Twitter Web Client,,0,0,"$MTBC",\N,$MTBC,2017-05-11 04:13:50,MTBC,2017-04-04 03:33:07,2,5,2017,,13,111,MTBC,99,RT @RReynolds135: $VBIO Rose 42%!!! #Pennystocks #Reuters #Dow $PRGE $MTBC $BKD.V $PRTO https://t.co/p4q4XzfB0K
0,2017-12-11 19:44:09,0,0,940306228416335874,,$OSTK SUPPORT BROKEN!.. WHERE ARE YOU DUMB BULLS?!,,940306228416335874,0,,,0,,C,BobsBluechips,D,0,h,,2017-11-19 03:25:31,932087413471551488,0,1,34,,0,-28800,2147483647,True,0,0,en,3,26,Pacific Time (US & Canada),0,0,F,0,"“If you have timed the movement correctly, your first commitment will show you a profit at the start.”",4,,1445,BobsBluechips,0,,StockTwits Web,,0,0,"$OSTK",\N,$OSTK,2017-12-11 14:44:09,OSTK,2017-11-18 22:25:31,4,12,2017,,8,50,OSTK,101,$OSTK SUPPORT BROKEN!.. WHERE ARE YOU DUMB BULLS?!
0,2017-09-05 10:39:44,0,0,905017600303927296,,"RT @WrigleyTom: $CLDR $CONN $COUP $DVMT $FNSR\
$FRAN $FRED $GIII $GWRE $HDS\
$HOME $HOV $HPE $HQY $JKS $KR\
$OKTA $PAY $PLAY $RDFN $RH\
$SIGM $…",,905017600303927296,22,,,0,,C,Kris,D,0,h,,2017-06-07 23:49:33,872601454456037376,0,1,30,,0,0,2147483647,True,0,0,en,3,16,,0,0,F,0,,25,,43,bgdakm,0,,Twitter for iPhone,,0,0,"$PLAY",\N,$PLAY,2017-09-05 06:39:44,PLAY,2017-06-07 19:49:33,3,9,2017,,21,140,PLAY,102,"RT @WrigleyTom: $CLDR $CONN $COUP $DVMT $FNSR\
$FRAN $FRED $GIII $GWRE $HDS\
$HOME $HOV $HPE $HQY $JKS $KR\
$OKTA $PAY $PLAY $RDFN $RH\
$SIGM $…"
0,2017-05-11 08:13:50,0,0,862581502000996352,,RT @RReynolds135: $VBIO Rose 42%!!! #Pennystocks #Reuters #Dow $PRGE $MTBC $BKD.V $PRTO https://t.co/p4q4XzfB0K,,862581502000996352,145,,,0,,C,Kaye,D,0,h,Anchorage,2017-04-04 07:33:07,849162902921674752,0,1,7,,0,0,2147483647,True,0,0,en,3,0,,0,0,F,0,Trading stocks day trading. Parkinson's first law: work expands to fill the time available for its completion; the thing to be done swells in the perceived,23,,55,C7mcKagoQLjZyKf,0,,Twitter Web Client,,0,0,"$PRTO",\N,$PRTO,2017-05-11 04:13:50,PRTO,2017-04-04 03:33:07,2,5,2017,,13,111,PRTO,103,RT @RReynolds135: $VBIO Rose 42%!!! #Pennystocks #Reuters #Dow $PRGE $MTBC $BKD.V $PRTO https://t.co/p4q4XzfB0K
0,2017-09-05 10:39:44,0,0,905017600303927296,,"RT @WrigleyTom: $CLDR $CONN $COUP $DVMT $FNSR\
$FRAN $FRED $GIII $GWRE $HDS\
$HOME $HOV $HPE $HQY $JKS $KR\
$OKTA $PAY $PLAY $RDFN $RH\
$SIGM $…",,905017600303927296,22,,,0,,C,Kris,D,0,h,,2017-06-07 23:49:33,872601454456037376,0,1,30,,0,0,2147483647,True,0,0,en,3,16,,0,0,F,0,,25,,43,bgdakm,0,,Twitter for iPhone,,0,0,"$RH",\N,$RH,2017-09-05 06:39:44,RH,2017-06-07 19:49:33,3,9,2017,,21,140,RH,105,"RT @WrigleyTom: $CLDR $CONN $COUP $DVMT $FNSR\
$FRAN $FRED $GIII $GWRE $HDS\
$HOME $HOV $HPE $HQY $JKS $KR\
$OKTA $PAY $PLAY $RDFN $RH\
$SIGM $…"
0,2017-12-11 19:44:10,0,0,940306231104757760,,"I need the $B x Pouya album on Spotify, stat.",,940306231104757760,0,,,0,,0,Psyc,0,0,h,,2015-05-23 13:10:33,3224291515,0,6,6354,,0,-28800,2147483647,True,11,0,en,0,1085,Pacific Time (US & Canada),0,0,1,0,leader of @hereticsnipers,354,http://abs.twimg.com/images/themes/theme14/bg.gif,15449,Psyc_H,0,,Twitter for iPhone,,0,0,"$B",\N,$B,2017-12-11 14:44:10,B,2015-05-23 09:10:33,4,12,2017,,10,45,B,106,"I need the $B x Pouya album on Spotify, stat."
0,2017-05-11 08:13:53,0,0,862581515112370176,,$FRC First Republic Bank Extends Contract of Chairman and Founding CEO Jim Herbert https://t.co/jPO0KF90BH,,862581515112370176,0,,,0,,0,MyAllies Trading,0,0,h,,2014-03-19 14:36:36,2397975692,0,3,0,https://t.co/CXkUO1PIZA,0,7200,2147483647,False,270,0,en,0,451,Belgrade,0,0,0,0,MyAllies delivers breaking news from across the globe and information on the latest breaking business and financial events. https://t.co/CXkUO1PIZA,0,http://abs.twimg.com/images/themes/theme1/bg.png,408379,MyAlliesTrading,0,,MyAllies Breaking News,,0,0,"$FRC",\N,$FRC,2017-05-11 04:13:53,FRC,2014-03-19 10:36:36,2,5,2017,,14,106,FRC,107,$FRC First Republic Bank Extends Contract of Chairman and Founding CEO Jim Herbert https://t.co/jPO0KF90BH
0,2017-09-05 10:39:44,0,0,905017600303927296,,"RT @WrigleyTom: $CLDR $CONN $COUP $DVMT $FNSR\
$FRAN $FRED $GIII $GWRE $HDS\
$HOME $HOV $HPE $HQY $JKS $KR\
$OKTA $PAY $PLAY $RDFN $RH\
$SIGM $…",,905017600303927296,22,,,0,,C,Kris,D,0,h,,2017-06-07 23:49:33,872601454456037376,0,1,30,,0,0,2147483647,True,0,0,en,3,16,,0,0,F,0,,25,,43,bgdakm,0,,Twitter for iPhone,,0,0,"$SIGM",\N,$SIGM,2017-09-05 06:39:44,SIGM,2017-06-07 19:49:33,3,9,2017,,21,140,SIGM,108,"RT @WrigleyTom: $CLDR $CONN $COUP $DVMT $FNSR\
$FRAN $FRED $GIII $GWRE $HDS\
$HOME $HOV $HPE $HQY $JKS $KR\
$OKTA $PAY $PLAY $RDFN $RH\
$SIGM $…"
0,2017-12-11 19:44:12,0,0,940306242140073984,,"$SRCL Stericycle, Inc. Document: Ownership Filing\
From our Stock News Alerts App",,940306242140073984,0,,,0,,C,$Stocknewsalerts,D,0,h,,2014-02-22 15:38:57,2356524462,0,0,0,https://t.co/PQSytGvcf6,0,0,2147483647,True,214,0,en,3,2195,,0,0,C,0,"Stock news alerts from press releases and SEC filings\
Find the custom app in the appstore at Stock News Alerts by Pocket Information LLC",10,http://abs.twimg.com/images/themes/theme1/bg.png,625334,Allstocknews,0,,Stock News Alerts,,0,0,"$SRCL",\N,$SRCL,2017-12-11 14:44:12,SRCL,2014-02-22 10:38:57,4,12,2017,,11,80,SRCL,110,"$SRCL Stericycle, Inc. Document: Ownership Filing\
From our Stock News Alerts App"
0,2017-09-05 10:39:44,0,0,905017600303927296,,"RT @WrigleyTom: $CLDR $CONN $COUP $DVMT $FNSR\
$FRAN $FRED $GIII $GWRE $HDS\
$HOME $HOV $HPE $HQY $JKS $KR\
$OKTA $PAY $PLAY $RDFN $RH\
$SIGM $…",,905017600303927296,23,,,0,,C,Kris,D,0,h,,2017-06-07 23:49:33,872601454456037376,0,1,30,,0,0,2147483647,True,0,0,en,3,16,,0,0,F,0,,25,,43,bgdakm,0,,Twitter for iPhone,,0,0,"$TLRD",\N,$TLRD,2017-09-05 06:39:44,TLRD,2017-06-07 19:49:33,3,9,2017,,21,140,TLRD,111,"RT @WrigleyTom: $CLDR $CONN $COUP $DVMT $FNSR\
$FRAN $FRED $GIII $GWRE $HDS\
$HOME $HOV $HPE $HQY $JKS $KR\
$OKTA $PAY $PLAY $RDFN $RH\
$SIGM $…"
0,2017-05-11 08:13:53,0,0,862581515150135296,,$UL Unilever develops new technology to tackle the global issue of plastic sachet waste https://t.co/drslEpvG1Z,,862581515150135296,0,,,0,,0,MyAllies Trading,0,0,h,,2014-03-19 14:36:36,2397975692,0,3,0,https://t.co/CXkUO1PIZA,0,7200,2147483647,False,270,0,en,0,459,Belgrade,0,0,0,0,MyAllies delivers breaking news from across the globe and information on the latest breaking business and financial events. https://t.co/CXkUO1PIZA,0,http://abs.twimg.com/images/themes/theme1/bg.png,409655,MyAlliesTrading,0,,MyAllies Breaking News,,0,0,"$UL",\N,$UL,2017-05-11 04:13:53,UL,2014-03-19 10:36:36,2,5,2017,,15,111,UL,112,$UL Unilever develops new technology to tackle the global issue of plastic sachet waste https://t.co/drslEpvG1Z
0,2017-12-11 19:44:13,0,0,940306244782383104,,"Current $DASH price: $740.41 \
\
Buy on Binance with 50% discount trading fee ",,940306244782383104,0,,,0,,C,The Best is Back ,D,0,h,,2015-12-26 00:21:43,4652193829,0,1,5,https://t.co/izQ0jcCC2N,0,-28800,2147483647,True,0,0,en,3,57,Pacific Time (US & Canada),0,0,F,0,,50,,2560,FoxTradingGod,0,,hjkhjkhjkjh,,0,0,"$BTG",\N,$BTG,2017-12-11 14:44:13,BTG,2015-12-25 19:21:43,4,12,2017,,13,76,BTG,114,"Current $DASH price: $740.41 \
\
Buy on Binance with 50% discount trading fee "
0,2017-05-11 08:13:54,0,0,862581517368819712,,"RT @techeblog: #Tesla Solar Roof goes on sale, has quasi-infinite lifetime due to quartz construction. https://t.co/45TELyvIPz #science #te…",,862581517368819712,44,,,0,,C,Гена Гена,D,0,h,,2017-05-04 13:37:59,860126361297485824,0,1,73,,0,0,2147483647,True,0,0,ru,3,2,,0,0,F,0,,211,,49,steklo2015,0,,Twitter Web Client,,0,0,"$TSLA",\N,$TSLA,2017-05-11 04:13:54,TSLA,2017-05-04 09:37:59,2,5,2017,,18,140,TSLA,115,"RT @techeblog: #Tesla Solar Roof goes on sale, has quasi-infinite lifetime due to quartz construction. https://t.co/45TELyvIPz #science #te…"
0,2017-12-11 19:44:13,0,0,940306244782383104,,"Current $DASH price: $740.41 \
\
Buy on Binance with 50% discount trading fee ",,940306244782383104,0,,,0,,C,The Best is Back ,D,0,h,,2015-12-26 00:21:43,4652193829,0,1,5,https://t.co/izQ0jcCC2N,0,-28800,2147483647,True,0,0,en,3,56,Pacific Time (US & Canada),0,0,F,0,,50,,2536,FoxTradingGod,0,,hjkhjkhjkjh,,0,0,"$FLO",\N,$FLO,2017-12-11 14:44:13,FLO,2015-12-25 19:21:43,4,12,2017,,13,76,FLO,117,"Current $DASH price: $740.41 \
\
Buy on Binance with 50% discount trading fee "
0,2017-09-05 10:39:44,0,0,905017600303927296,,"RT @WrigleyTom: $CLDR $CONN $COUP $DVMT $FNSR\
$FRAN $FRED $GIII $GWRE $HDS\
$HOME $HOV $HPE $HQY $JKS $KR\
$OKTA $PAY $PLAY $RDFN $RH\
$SIGM $…",,905017600303927296,23,,,0,,C,Kris,D,0,h,,2017-06-07 23:49:33,872601454456037376,0,1,30,,0,0,2147483647,True,0,0,en,3,16,,0,0,F,0,,25,,43,bgdakm,0,,Twitter for iPhone,,0,0,"$VRNT",\N,$VRNT,2017-09-05 06:39:44,VRNT,2017-06-07 19:49:33,3,9,2017,,21,140,VRNT,118,"RT @WrigleyTom: $CLDR $CONN $COUP $DVMT $FNSR\
$FRAN $FRED $GIII $GWRE $HDS\
$HOME $HOV $HPE $HQY $JKS $KR\
$OKTA $PAY $PLAY $RDFN $RH\
$SIGM $…"
0,2017-09-05 10:39:46,0,0,905017605009891328,,"RT @ShawtyNotBasic: Kevin Gates feat. Trey Songz, Ty Dolla $ign &amp; Jamie Foxx (2016) https://t.co/T74nrab6nx",,905017605009891328,254,,,0,,C,Mallan_Manu,D,0,h,,2011-06-18 21:21:21,319851186,0,0,160,,0,0,319851186,True,7,0,en,3,943,,0,0,C,0,I have my own boat || ☕️,422,http://pbs.twimg.com/profile_background_images/396156186/YWF.jpg,49188,Engr_Mousa,0,,Twitter for iPhone,,0,0,"$IGN",\N,$IGN,2017-09-05 06:39:46,IGN,2011-06-18 17:21:21,3,9,2017,,15,111,IGN,120,"RT @ShawtyNotBasic: Kevin Gates feat. Trey Songz, Ty Dolla $ign &amp; Jamie Foxx (2016) https://t.co/T74nrab6nx"
0,2017-05-11 08:14:01,0,0,862581546578046976,,"RT @StockTipRobot: According to my #AlternativeFacts, you should aggressively trade Data I/O $DAIO #trading",,862581546578046976,2,,,0,,0,Alternative facts,0,0,h,"Washington, DC",2017-01-24 08:03:18,823803346884640768,0,E,3,,0,-25200,2147483647,False,51,0,en,0,1696,Pacific Time (US & Canada),0,0,0,0,,3,http://abs.twimg.com/images/themes/theme1/bg.png,44105,AlternatFacts,0,,alternativefacts,,0,0,"$DAIO",\N,$DAIO,2017-05-11 04:14:01,DAIO,2017-01-24 03:03:18,2,5,2017,,14,107,DAIO,121,"RT @StockTipRobot: According to my #AlternativeFacts, you should aggressively trade Data I/O $DAIO #trading"
0,2017-09-05 10:39:48,0,0,905017615482945536,,$tw_user_list/25$,,905017615482945536,0,,,0,,C,ののこ,D,0,h,,2011-12-20 09:28:59,441672158,0,1,0,,0,0,441672158,True,1,0,ja,3,72,,0,0,C,0,,219,http://abs.twimg.com/images/themes/theme1/bg.png,33075,vqu9expla,0,,twittbot.net,,0,0,"$TW",\N,$TW,2017-09-05 06:39:48,TW,2011-12-20 04:28:59,3,9,2017,,1,17,TW,122,$tw_user_list/25$
0,2017-12-11 19:44:13,0,0,940306244782383104,,"Current $DASH price: $740.41 \
\
Buy on Binance with 50% discount trading fee ",,940306244782383104,0,,,0,,C,The Best is Back ,D,0,h,,2015-12-26 00:21:43,4652193829,0,1,5,https://t.co/izQ0jcCC2N,0,-28800,2147483647,True,0,0,en,3,56,Pacific Time (US & Canada),0,0,F,0,,50,,2575,FoxTradingGod,0,,hjkhjkhjkjh,,0,0,"$FUN",\N,$FUN,2017-12-11 14:44:13,FUN,2015-12-25 19:21:43,4,12,2017,,13,76,FUN,124,"Current $DASH price: $740.41 \
\
Buy on Binance with 50% discount trading fee "
0,2017-09-05 10:39:48,0,0,905017616447754241,,The hype around the iPhone 8 isn't getting through to people $AAPL https://t.co/Kj2tZ5toRD https://t.co/Epq3gTbBDJ,,905017616447754241,0,,,0,,0,Business Insider UK,0,0,h,London,2011-05-06 17:21:24,294176860,0,1,671,http://t.co/aPhMlddjMV,0,-14400,294176860,False,1037,0,en,0,53869,Eastern Time (US & Canada),0,0,0,0,The latest @BusinessInsider news and views from Europe.,49,http://abs.twimg.com/images/themes/theme14/bg.gif,96996,BIUK,0,,Business Insider Login,,0,0,"$AAPL",\N,$AAPL,2017-09-05 06:39:48,AAPL,2011-05-06 13:21:24,3,9,2017,,14,114,AAPL,125,The hype around the iPhone 8 isn't getting through to people $AAPL https://t.co/Kj2tZ5toRD https://t.co/Epq3gTbBDJ
0,2017-09-05 10:39:49,0,0,905017617714315264,,$tw_user_list/25$,,905017617714315264,0,,,0,,C,彩佳,D,0,h,,2011-12-20 09:36:30,441677007,0,1,0,,0,0,441677007,True,0,0,ja,3,49,,0,0,C,0,,232,http://abs.twimg.com/images/themes/theme1/bg.png,33070,d45wface,0,,twittbot.net,,0,0,"$TW",\N,$TW,2017-09-05 06:39:49,TW,2011-12-20 04:36:30,3,9,2017,,1,17,TW,127,$tw_user_list/25$
0,2017-12-11 19:44:13,0,0,940306244782383104,,"Current $DASH price: $740.41 \
\
Buy on Binance with 50% discount trading fee ",,940306244782383104,0,,,0,,C,The Best is Back ,D,0,h,,2015-12-26 00:21:43,4652193829,0,1,5,https://t.co/izQ0jcCC2N,0,-28800,2147483647,True,0,0,en,3,56,Pacific Time (US & Canada),0,0,F,0,,50,,2577,FoxTradingGod,0,,hjkhjkhjkjh,,0,0,"$GAME",\N,$GAME,2017-12-11 14:44:13,GAME,2015-12-25 19:21:43,4,12,2017,,13,76,GAME,128,"Current $DASH price: $740.41 \
\
Buy on Binance with 50% discount trading fee "
0,2017-05-11 08:14:04,0,0,862581558716145665,,RT @aaaamhim: $ELED look how thin to 29 cents,,862581558716145665,89,,,0,,C,Miquela,D,0,h,Modesto,2017-04-03 19:57:08,848987754612523009,0,1,5,,0,0,2147483647,True,0,0,en,3,1,,0,0,F,0,Making money day trading. Thinking is the talking of the soul with itself. plato,26,,51,Gsytr7eqDiA5m1q,0,,Twitter Web Client,,0,0,"$ASTI",\N,$ASTI,2017-05-11 04:14:04,ASTI,2017-04-03 15:57:08,2,5,2017,,9,45,ASTI,129,RT @aaaamhim: $ELED look how thin to 29 cents
